Time,X,Y,Z,,,
2016-06-26T06:04:00Z,123,123,212A04D6EF88212A04D6EF88212A04D6EF88212B04D5EF88212A04D6EF88212A04D6EF88212A04D6EF88212A04D6EF88212A04D5EF88212A04D5EF87212A04D6EF87212A04D6EF87212B04D5EF87212B04D6EF87212B04D6EF88212B04D6EF88212A04D6EF88212A04D6EF88212A04D6EF88212A04D6EF87212B04D6EF87212C04D6EF87212B04D5EF88212A04D5EF88212A04D5EF88212B04D6EF88212A04D6EF87212A04D5EF88212A04D6EF88212A04D6EF88212A04D6EF88212A04D5EF8A212A04D5EF8A212B04D5EF88212A04D5EF8A212A04D5EF8A212A04D5EF8A212A04D5EF8A212A04D5EF8A212A04D5EF8A212A04D6EF8A212904D6EF8A212A04D5EF8A212A04D5EF8A212A04D5EF8A212A04D5EF8A212A04D5EF8A212A04D5EF8A212A04D6EF8A212904D5EF8B212904D5EF8B212904D5EF8A212904D5EF8A212A04D6EF8B212A04D5EF8B212904D5EF8B212904D5EF8B212904D5EF8B212A04D5EF8C212A04D6EF8B212A04D6EF8B212A04D5EF8B212904D5EF8B212904D5EF8A212A04D5EF8A212B04D5EF8B212A04D5EF8B212A04D5EF8B212A04D6EF8A212A04D6EF8A212A04D5EF8A212B04D5EF88212A04D6EF8A212A04D6EF8A212A04D6EF88212A04D5EF8A212A04D5EF8A212A04D5EF8A212A04D5EF8A212A04D5EF88212A04D5EF8A212904D5EF8A212A04D5EF8A212A04D5EF8A212A04D6EF88212A04D6EF88212A04D6EF88212A04D6EF88212A04D6EF88212A04D6EF88212B04D6EF88212A04D5EF88212A04D5EF88212A04D5EF88212A04D6EF88212A04D6EF88212A04D6EF87212A04D6EF87212B04D6EF87212B04D6EF87212A04D5EF88212A04D6EF88212B04D6EF87212A04D6EF87212B04D5EF88212B04D5EF88212A04D5EF88212A04D6EF88212A04D6EF88212B04D5EF88212B04D5EF88212A04D5EF88212A04D6EF88212A04D5EF8A212A04D5EF8A212A04D5EF8A212A04D5EF8A212A04D5EF88212A04D5EF88212A04D5EF88212A04D5EF8A212A04D5EF8A212B04D6EF8A,,,
2016-06-21T06:04:01Z,123,123,212B04D6EF8A212A04D5EF8A212A04D5EF8B212A04D5EF8B212A04D5EF8B212A04D5EF8B212A04D5EF8B212A04D5EF8B212A04D5EF8B212A04D5EF8B212A04D5EF8B212904D5EF8C212904D6EF8C212A04D6EF8B212A04D6EF8B212A04D5EF8B212A04D5EF8B212904D6EF8B212A04D6EF8B212A04D5EF8B212A04D5EF8A212A04D5EF8A212A04D5EF8A212A04D5EF8A212A04D5EF8A212A04D5EF8A212B04D5EF8A212A04D5EF8A212A04D5EF8A212B04D5EF8A212B04D5EF8A212A04D5EF8A212A04D5EF8A212A04D5EF88212A04D5EF88212A04D5EF8A212A04D5EF8A212A04D5EF88212A04D5EF88212A04D5EF88212A04D5EF87212A04D6EF87212A04D6EF88212A04D5EF88212B04D5EF88212B04D5EF88212B04D6EF88212B04D6EF88212B04D5EF88212A04D5EF87212A04D5EF87212B04D6EF87212B04D6EF87212B04D5EF87212B04D5EF87212B04D6EF87212B04D6EF88212B04D6EF88212B04D6EF88212B04D5EF88212B04D5EF88212B04D5EF87212B04D5EF88212A04D5EF8A212A04D5EF8A212B04D6EF88212A04D6EF88212A04D5EF8A212B04D5EF8A212A04D5EF88212A04D5EF88212A04D6EF88212A04D6EF88212A04D5EF88212A04D5EF88212A04D5EF88212A04D5EF88212A04D5EF88212A04D5EF88212A04D5EF8A212A04D5EF8A212A04D5EF8A212A04D5EF8A212A04D5EF8A212A04D5EF8A212904D5EF8B212A04D5EF8B212A04D5EF8A212904D5EF8B212904D5EF8B212A04D5EF8B212A04D5EF8B212904D5EF8B212904D5EF8B212A04D5EF8B212A04D5EF8B212A04D5EF8A212A04D5EF8B212A04D5EF8B212A04D5EF8B212A04D5EF8A212A04D5EF8B212A04D5EF8B212A04D5EF8A212A04D5EF8A212A04D6EF8A212904D6EF8A212A04D5EF8A212A04D5EF8A212A04D5EF8A212A04D5EF88212A04D6EF88212A04D6EF8A212B04D5EF8A212B04D5EF8A212A04D6EF88212A04D6EF88212A04D6EF88212A04D6EF88212A04D6EF88212A04D6EF88212A04D5EF88212A04D5EF87,,,
2016-06-21T06:04:02Z,123,123,212B04D6EF87212B04D6EF88212A04D6EF88212A04D6EF87212B04D6EF88212B04D6EF87212A04D6EF87212A04D6EF88212A04D6EF88212A04D6EF88212B04D6EF87212B04D6EF87212B04D6EF88212B04D5EF88212A04D5EF87212A04D5EF87212A04D5EF88212A04D6EF88212A04D6EF88212A04D5EF88212A04D5EF8A212A04D5EF88212A04D5EF88212B04D6EF88212A04D6EF88212A04D6EF87212A04D5EF88212A04D5EF88212A04D6EF8A212904D6EF8A212A04D5EF8A212A04D5EF8A212B04D5EF8A212A04D5EF8A212A04D5EF8A212A04D5EF8A212A04D5EF8A212A04D5EF8A212904D5EF8A212904D6EF8A212A04D6EF8A212904D6EF8A212904D5EF8B212904D5EF8B212A04D5EF8B212B04D6EF8B212A04D6EF8B212A04D5EF8B212A04D5EF8B212A04D5EF8B212A04D5EF8B212A04D5EF8B212A04D5EF8B212A04D5EF8A212A04D5EF8A212A04D6EF8A212A04D6EF8A212A04D6EF8A212A04D5EF8A212A04D5EF8A212904D5EF8A212A04D5EF88212A04D6EF8A212A04D6EF8A212A04D5EF8A212A04D5EF8A212B04D5EF8A212B04D5EF88212A04D5EF88212A04D5EF88212904D6EF88212904D6EF88212A04D5EF88212A04D5EF88212A04D5EF88212A04D5EF88212B04D5EF88212B04D5EF88212B04D6EF88212B04D6EF88212A04D5EF88212A04D6EF88212B04D6EF88212B04D5EF88212A04D5EF87212A04D5EF87212A04D5EF88212A04D5EF87212B04D6EF87212B04D6EF88212B04D6EF88212A04D6EF88212A04D5EF88212A04D5EF88212A04D5EF88212A04D6EF88212B04D6EF88212A04D6EF88212A04D6EF88212A04D6EF88212A04D6EF88212A04D6EF88212A04D6EF8A212A04D6EF8A212904D5EF8A212904D5EF8A212A04D6EF88212B04D6EF8A212A04D5EF8A212A04D5EF8A212A04D5EF8A212A04D5EF8A212A04D5EF8A212904D5EF8A212A04D5EF8A212A04D5EF8B212904D5EF8B212904D5EF8A212A04D5EF8A212A04D5EF8A212A04D6EF8B212904D5EF8B212904D5EF8B,,,
2016-06-21T06:04:03Z,123,123,212904D5EF8B212A04D5EF8B212A04D5EF8B212904D6EF8B212904D5EF8B212A04D5EF8B212A04D5EF8B212904D5EF8B212904D5EF8B212904D5EF8B212904D5EF8A212A04D5EF8B212A04D5EF8B212A04D6EF8A212A04D6EF8A212A04D5EF8A212A04D5EF8A212A04D6EF8A212A04D6EF88212A04D5EF8A212A04D5EF8A212B04D6EF88212A04D6EF88212A04D5EF8A212A04D5EF8A212A04D6EF88212A04D6EF88212A04D6EF8A212A04D6EF88212A04D6EF88212A04D6EF88212A04D6EF88212A04D6EF88212B04D6EF88212B04D6EF88212B04D6EF88212B04D6EF88212A04D6EF87212A04D6EF87212B04D6EF88212B04D6EF88212A04D5EF87212A04D5EF87212B04D6EF87212A04D6EF87212A04D5EF88212B04D5EF88212A04D5EF88212A04D5EF88212A04D5EF87212A04D6EF88212A04D6EF88212A04D6EF88212A04D6EF88212904D5EF88212A04D5EF88212A04D5EF88212A04D5EF8A212A04D5EF8A212A04D5EF88212A04D5EF88212A04D5EF8A212904D5EF88212A04D5EF88212A04D6EF88212A04D6EF8A212A04D5EF8A212A04D5EF8A212A04D5EF8A212A04D6EF8A212A04D6EF8B212A04D5EF8B212A04D5EF8B212A04D5EF8B212A04D5EF8B212A04D5EF8B212A04D5EF8B212904D6EF8B212904D6EF8B212904D5EF8B212904D5EF8B212A04D6EF8B212A04D6EF8B212A04D5EF8B212904D5EF8B212904D5EF8B212A04D6EF8A212A04D6EF8A212A04D5EF8A212904D6EF8A212904D5EF8A212904D5EF8A212904D5EF8A212A04D5EF88212A04D5EF88212A04D5EF8A212A04D5EF8A212A04D5EF88212A04D5EF88212A04D6EF8A212B04D6EF88212A04D5EF88212A04D5EF88212A04D5EF88212A04D5EF88212A04D5EF88212A04D5EF88212A04D5EF87212B04D5EF87212A04D6EF87212A04D6EF88212B04D6EF88212B04D6EF88212A04D6EF87212A04D6EF87212A04D6EF87212B04D6EF87212A04D5EF87212A04D6EF87212A04D6EF88212A04D6EF88212B04D6EF88212B04D6EF88,,,
2016-06-21T06:04:04Z,123,123,212A04D6EF87212A04D5EF87212A04D5EF88212A04D5EF88212A04D6EF88212A04D6EF88212A04D5EF88212A04D5EF88212A04D5EF88212904D5EF8A212A04D5EF8A212A04D5EF8A212904D5EF88212A04D6EF88212A04D6EF88212904D6EF8A212A04D5EF8A212A04D5EF8A212A04D6EF8A212904D5EF8A212904D5EF8A212904D5EF8A212A04D5EF8A212A04D5EF8A212A04D5EF8A212904D5EF8B212A04D5EF8B212A04D5EF8B212B04D5EF8B212B04D5EF8B212A04D5EF8B212A04D5EF8B212A04D6EF8A212A04D6EF8B212A04D5EF8B212A04D5EF8B212904D5EF8A212904D5EF8A212A04D5EF8B212A04D5EF8A212A04D5EF8A212A04D5EF8B212A04D5EF8B212A04D5EF8A212904D6EF8A212A04D6EF8A212A04D6EF8A212A04D6EF8A212A04D6EF88212B04D6EF8A212A04D6EF8A212A04D5EF88212A04D5EF88212A04D6EF8A212A04D6EF8A212A04D6EF88212A04D6EF88212A04D5EF88212904D5EF88212A04D6EF88212B04D6EF88212A04D6EF88212A04D5EF88212A04D6EF88212A04D6EF87212A04D6EF87212A04D6EF88212B04D6EF88212A04D6EF87212A04D6EF87212A04D5EF88212A04D5EF88212A04D5EF87212A04D5EF88212A04D6EF88212A04D6EF87212A04D5EF87212B04D5EF87212B04D5EF87212B04D5EF87212A04D6EF88212A04D6EF88212A04D6EF88212A04D6EF88212A04D5EF8A212A04D6EF8A212B04D6EF8A212A04D6EF8A212904D6EF8A212A04D6EF8A212A04D5EF8A212A04D5EF88212B04D5EF88212A04D5EF8A212A04D5EF8A212A04D5EF8A212904D5EF8A212904D5EF8A212A04D5EF8B212904D5EF8A212A04D5EF8A212A04D5EF8A212A04D5EF8B212A04D5EF8A212A04D5EF8B212904D5EF8B212A04D6EF8B212A04D5EF8B212904D5EF8B212904D5EF8B212904D5EF8B212904D5EF8B212904D5EF8B212A04D5EF8B212A04D5EF8B212A04D5EF8B212A04D5EF8B212A04D5EF8A212A04D6EF8A212A04D6EF8A212B04D6EF8A212A04D6EF88212A04D6EF88,,,
2016-06-21T06:04:05Z,123,123,212A04D6EF8A212A04D5EF8A212A04D5EF8A212A04D6EF8A212A04D6EF88212A04D6EF8A212A04D6EF8A212A04D5EF8A212A04D5EF8A212B04D6EF8A212B04D6EF88212A04D6EF88212A04D6EF88212A04D6EF88212A04D6EF88212B04D5EF88212A04D5EF88212A04D5EF88212A04D6EF87212A04D6EF88212A04D5EF88212A04D6EF88212A04D6EF88212A04D6EF88212A04D6EF88212A04D5EF87212B04D6EF87212B04D6EF87212A04D5EF87212B04D6EF88212B04D6EF88212A04D6EF88212A04D6EF88212B04D5EF88212A04D5EF88212A04D5EF88212A04D5EF88212A04D5EF88212A04D5EF88212A04D5EF88212A04D5EF88212A04D5EF8A212A04D5EF8A212A04D6EF88212A04D6EF88212B04D5EF8A212A04D5EF8A212A04D5EF8A212A04D5EF8A212A04D5EF8A212904D5EF8A212904D5EF8A212A04D5EF8A212A04D5EF8A212A04D5EF8B212904D5EF8B212A04D5EF8B212A04D5EF8B212A04D5EF8B212904D5EF8A212A04D5EF8A212A04D5EF8B212904D5EF8B212904D5EF8B212A04D5EF8A212A04D5EF8B212904D5EF8B212904D5EF8A212A04D5EF8A212A04D5EF8A212A04D5EF8A212A04D5EF8A212A04D5EF8A212A04D5EF88212A04D6EF8A212904D6EF8A212A04D6EF8A212A04D6EF8A212A04D5EF8A212A04D5EF8A212A04D6EF88212A04D6EF8A212A04D6EF8A212A04D6EF88212A04D6EF88212A04D6EF88212A04D6EF88212B04D6EF88212B04D6EF88212B04D6EF88212A04D6EF88212A04D6EF88212A04D6EF88212A04D6EF87212A04D6EF87212A04D6EF87212904D6EF87212A04D6EF88212A04D5EF88212A04D5EF87212B04D6EF87212A04D6EF87212A04D6EF87212B04D6EF88212B04D6EF88212A04D6EF88212A04D6EF88212A04D5EF88212A04D5EF88212A04D6EF88212A04D6EF88212A04D6EF88212904D5EF88212A04D5EF88212A04D6EF88212A04D6EF88212A04D5EF88212A04D5EF88212A04D5EF8A212A04D6EF8A212A04D6EF88212A04D5EF88212904D5EF88,,,
2016-06-21T06:04:06Z,123,123,212A04D5EF88212A04D5EF8A212A04D5EF8A212904D5EF8A212904D5EF8A212A04D5EF8A212A04D5EF8A212A04D5EF8B212A04D5EF8B212A04D5EF8B212904D5EF8B212A04D5EF8B212A04D5EF8B212A04D5EF8C212A04D5EF8C212A04D5EF8B212904D5EF8B212904D5EF8B212904D5EF8B212904D5EF8B212904D6EF8A212A04D6EF8A212A04D6EF8B212A04D6EF8B212A04D5EF8A212A04D5EF8A212B04D5EF8A212B04D5EF8A212A04D5EF8A212A04D5EF8A212A04D5EF88212A04D5EF88212A04D5EF88212B04D6EF88212A04D6EF8A212A04D6EF8A212A04D6EF88212A04D6EF88212A04D5EF88212A04D5EF88212A04D6EF88212A04D6EF88212B04D6EF88212B04D6EF88212A04D6EF88212A04D6EF88212A04D5EF88212A04D5EF87212A04D5EF88212A04D5EF88212B04D6EF87212B04D6EF87212A04D5EF87212A04D5EF87212B04D6EF87212B04D6EF87212B04D6EF87212B04D6EF87212B04D5EF88212A04D6EF88212A04D6EF88212A04D6EF88212A04D5EF88212904D5EF88212904D5EF8A212A04D5EF8A212A04D6EF8A212A04D6EF8A212A04D5EF8A212A04D5EF8A212B04D5EF88212A04D6EF88212A04D6EF88212A04D5EF88212904D5EF88212904D5EF8A212A04D5EF8A212A04D5EF8A212A04D5EF8A212A04D5EF8A212904D5EF8A212A04D5EF8A212A04D5EF8B212A04D5EF8B212A04D5EF8A212A04D5EF8A212A04D5EF8A212904D5EF8B212A04D6EF8B212A04D6EF8B212904D5EF8B212904D5EF8B212904D5EF8B212904D5EF8B212A04D5EF8B212A04D5EF8B212A04D5EF8B212A04D5EF8A212A04D5EF8A212A04D5EF8A212A04D5EF8A212A04D5EF8A212A04D5EF8A212A04D5EF8A212904D6EF8A212A04D6EF8A212A04D5EF8A212A04D5EF8A212A04D5EF8A212A04D5EF88212B04D6EF88212A04D6EF88212A04D6EF88212A04D6EF8A212A04D6EF88212A04D6EF88212A04D6EF88212A04D6EF88212A04D5EF88212A04D5EF88212B04D6EF88212B04D6EF88212A04D6EF87,,,
2016-06-21T06:04:07Z,123,123,212A04D6EF87212A04D5EF87212B04D5EF87212A04D6EF88212B04D6EF88212B04D5EF87212B04D5EF87212A04D6EF87212A04D6EF87212B04D6EF87212B04D6EF87212A04D5EF87212A04D5EF88212A04D6EF88212A04D6EF88212A04D5EF88212A04D6EF88212A04D6EF88212A04D6EF88212904D5EF88212904D5EF88212A04D5EF8A212A04D5EF8A212A04D5EF8A212A04D5EF8A212A04D5EF8A212A04D6EF8A212B04D5EF8A212A04D5EF8A212A04D5EF8A212A04D5EF8A212B04D5EF8A212B04D5EF8A212A04D6EF8A212A04D6EF8B212A04D6EF8B212A04D6EF8B212904D5EF8B212904D5EF8B212A04D5EF8B212A04D5EF8B212A04D5EF8B212A04D5EF8B212904D5EF8B212904D5EF8B212A04D5EF8B212A04D5EF8B212A04D5EF8A212904D5EF8A212904D5EF8A212A04D5EF8A212A04D5EF8A212A04D5EF8B212A04D5EF8A212A04D6EF8A212A04D6EF8A212A04D5EF88212A04D5EF88212A04D5EF8A212A04D5EF8A212904D5EF88212A04D6EF88212A04D6EF88212A04D6EF8A212A04D6EF8A212A04D6EF88212A04D5EF88212A04D5EF88212B04D6EF88212B04D6EF88212A04D6EF88212A04D6EF87212A04D6EF88212A04D6EF88212B04D6EF88212A04D6EF87212A04D6EF87212A04D6EF87212A04D5EF87212A04D5EF87212A04D6EF87212B04D5EF87212B04D5EF87212B04D6EF87212A04D6EF87212A04D6EF87212A04D6EF87212A04D6EF88212A04D5EF88212A04D5EF88212B04D5EF87212A04D6EF88212A04D6EF88212A04D6EF88212904D6EF88212904D6EF88212904D6EF8A212A04D5EF8A212A04D5EF8A212A04D6EF8A212A04D6EF88212A04D5EF88212A04D5EF8A212B04D6EF8A212B04D6EF8A212B04D6EF8A212A04D6EF8A212A04D5EF8A212904D5EF8A212A04D5EF8A212A04D6EF8A212A04D6EF8A212A04D6EF8A212A04D5EF8A212A04D5EF8B212A04D5EF8B212904D5EF8B212A04D5EF8B212A04D5EF8B212B04D5EF8B212A04D5EF8B212904D5EF8B212904D5EF8B,,,
2016-06-21T06:04:08Z,123,123,212A04D5EF8B212A04D6EF8A212904D5EF8A212904D5EF8B212904D5EF8A212A04D5EF8A212A04D5EF8A212A04D5EF8A212A04D5EF8A212A04D5EF88212A04D5EF8A212A04D5EF8A212B04D5EF88212B04D6EF8A212A04D5EF8A212A04D5EF88212A04D6EF88212A04D6EF88212A04D6EF88212A04D6EF88212A04D6EF88212A04D6EF88212A04D5EF88212A04D5EF88212A04D5EF88212B04D5EF88212A04D5EF88212A04D5EF88212A04D6EF87212A04D6EF87212B04D6EF87212B04D5EF87212B04D5EF87212A04D5EF87212A04D6EF88212A04D6EF88212B04D6EF87212B04D6EF87212B04D6EF87212B04D6EF87212A04D6EF88212A04D6EF88212A04D6EF88212A04D5EF88212B04D5EF88212B04D5EF88212B04D5EF88212B04D5EF88212A04D5EF88212A04D5EF88212A04D5EF88212A04D6EF88212904D6EF8A212904D6EF8A212A04D5EF8A212A04D6EF8A212B04D6EF88212A04D6EF8A212A04D5EF8A212A04D5EF8A212A04D5EF8A212A04D5EF8A212A04D5EF8A212A04D5EF8B212A04D5EF8B212A04D5EF8B212904D6EF8B212904D6EF8A212A04D5EF8A212A04D5EF8B212A04D6EF8B212A04D6EF8A212A04D5EF8A212904D5EF8B212904D5EF8B212904D5EF8A212904D6EF8A212A04D6EF8A212A04D6EF8A212A04D5EF8A212904D5EF8A212904D5EF8A212A04D6EF8A212A04D6EF8A212A04D5EF8A212A04D5EF8A212A04D5EF8A212A04D6EF8A212904D5EF8A212904D5EF88212A04D6EF88212B04D6EF88212A04D5EF88212A04D5EF88212A04D6EF88212B04D5EF88212A04D5EF88212A04D6EF88212A04D6EF88212A04D6EF88212B04D6EF88212B04D6EF88212A04D5EF88212A04D5EF88212B04D6EF87212B04D6EF87212A04D6EF87212A04D6EF87212B04D5EF87212B04D5EF87212A04D6EF87212A04D6EF87212A04D6EF87212A04D5EF88212A04D5EF88212A04D5EF88212A04D5EF88212A04D6EF88212B04D6EF88212B04D6EF88212A04D6EF8A212A04D6EF8A212A04D6EF88,,,
2016-06-21T06:04:09Z,123,123,212A04D6EF88212A04D5EF8A212B04D5EF8A212A04D6EF8A212A04D6EF8A212B04D5EF8A212B04D5EF8A212B04D5EF8A212A04D5EF8A212A04D6EF8A212B04D5EF8A212A04D5EF8A212904D5EF8B212A04D5EF8B212A04D5EF8A212A04D5EF8A212A04D6EF8A212A04D5EF8A212A04D5EF8B212A04D5EF8B212A04D5EF8B212904D6EF8A212A04D6EF8B212A04D6EF8B212904D5EF8B212904D5EF8B212904D5EF8A212904D5EF8A212A04D5EF8A212A04D6EF8A212A04D5EF8A212A04D5EF8A212A04D5EF8A212A04D5EF8A212A04D5EF8A212A04D5EF8A212A04D5EF8A212B04D5EF8A212B04D5EF8A212A04D6EF8A212A04D6EF8A212A04D6EF88212A04D6EF8A212A04D6EF8A212B04D5EF88212A04D5EF88212A04D5EF88212A04D5EF88212904D6EF88212A04D6EF88212A04D6EF88212A04D6EF88212A04D6EF87212B04D6EF87212B04D6EF87212904D5EF88212A04D6EF88212A04D6EF87212B04D6EF87212B04D6EF87212B04D6EF88212A04D6EF88212B04D6EF88212B04D6EF87212B04D6EF87212B04D6EF87212A04D6EF88212B04D6EF88212B04D5EF88212B04D5EF88212B04D6EF88212A04D6EF88212A04D6EF88212A04D6EF88212A04D6EF88212A04D6EF88212A04D6EF88212A04D5EF88212B04D6EF88212A04D6EF88212A04D5EF88212A04D6EF88212A04D6EF88212904D5EF88212904D5EF8A212A04D5EF8A212A04D5EF8A212A04D5EF8A212A04D5EF8A212A04D5EF8A212A04D5EF8B212A04D4EF8B212A04D5EF8A212A04D5EF8A212A04D5EF8A212A04D5EF8B212A04D5EF8B212A04D5EF8B212A04D5EF8A212A04D5EF8B212A04D5EF8B212A04D5EF8B212A04D5EF8C212A04D6EF8C212A04D6EF8B212A04D6EF8B212A04D6EF8A212A04D5EF8A212904D5EF8A212A04D5EF8A212A04D5EF8A212A04D6EF8A212A04D6EF8A212904D6EF8A212904D6EF8A212A04D5EF8A212A04D5EF88212A04D5EF8A212A04D5EF8A212A04D6EF88212B04D6EF87212B04D5EF88212A04D5EF88,,,
2016-06-21T06:04:10Z,123,123,212B04D6EF88212B04D6EF88212A04D5EF88212904D5EF88212904D5EF88212A04D6EF88212904D5EF88212A04D5EF88212B04D6EF87212B04D6EF87212A04D5EF87212A04D5EF87212A04D6EF88212B04D6EF88212B04D6EF88212B04D6EF88212A04D6EF87212A04D6EF87212B04D6EF88212A04D6EF88212A04D6EF87212A04D6EF88212B04D6EF88212B04D6EF88212A04D5EF88212A04D5EF88212B04D6EF88212A04D5EF88212A04D5EF88212A04D6EF88212A04D5EF88212A04D5EF88212A04D5EF8A212A04D5EF8A212B04D6EF88212A04D6EF88212A04D6EF8A212A04D6EF8A212A04D6EF88212A04D6EF8A212A04D6EF8A212A04D6EF8A212A04D5EF8A212A04D5EF8A212A04D5EF8A212A04D5EF8B212904D5EF8B212A04D5EF8A212A04D5EF8B212904D5EF8B212904D5EF8B212904D5EF8B212A04D5EF8B212A04D5EF8B212904D6EF8B212904D6EF8B212A04D5EF8B212A04D5EF8B212904D6EF8B212A04D6EF8A212A04D5EF8A212A04D5EF8A212A04D5EF8A212A04D5EF88212A04D6EF88212A04D6EF8A212A04D6EF8A212A04D6EF8A212A04D6EF8A212A04D6EF88212A04D6EF88212A04D6EF88212A04D5EF88212A04D5EF88212A04D6EF88212A04D5EF88212A04D5EF88212A04D5EF88212A04D5EF88212A04D6EF88212A04D6EF88212A04D6EF88212A04D6EF88212A04D6EF88212A04D6EF87212A04D6EF87212A04D6EF87212A04D5EF87212A04D5EF87212A04D6EF87212B04D6EF88212B04D6EF88212B04D6EF87212B04D6EF87212A04D6EF87212A04D6EF87212A04D6EF87212A04D6EF88212A04D5EF88212A04D5EF88212B04D6EF88212B04D6EF88212904D5EF88212904D5EF88212A04D6EF88212A04D6EF88212A04D6EF88212A04D6EF88212A04D5EF88212A04D5EF8A212A04D5EF8A212A04D5EF8A212A04D5EF8A212A04D5EF8A212904D6EF8A212904D6EF8B212A04D6EF8B212A04D6EF8A212A04D5EF8A212A04D5EF8A212A04D5EF8A212A04D5EF8B212904D5EF8B,,,
2016-06-21T06:04:11Z,123,123,212A04D5EF8A212A04D5EF8B212904D5EF8B212A04D5EF8B212A04D5EF8B212A04D5EF8A212A04D5EF8B212A04D6EF8B212904D6EF8A212A04D5EF8A212A04D5EF8B212904D5EF8B212904D5EF8B212904D5EF8A212904D5EF8A212904D5EF8A212904D5EF8B212A04D6EF8B212A04D6EF8A212904D6EF8A212904D6EF8A212A04D6EF8A212A04D5EF88212A04D5EF88212A04D5EF88212A04D5EF88212A04D6EF88212A04D5EF88212A04D5EF88212A04D6EF88212A04D6EF8A212A04D6EF88212A04D6EF88212A04D6EF88212A04D6EF88212A04D6EF88212A04D5EF88212A04D5EF87212B04D6EF87212A04D6EF87212A04D6EF87212B04D6EF88212B04D6EF88212A04D6EF88212A04D6EF87212A04D6EF87212B04D6EF87212A04D6EF87212A04D6EF87212B04D6EF87212B04D6EF87212A04D6EF87212B04D6EF87212B04D5EF88212A04D5EF88212A04D5EF88212A04D5EF88212A04D5EF88212A04D5EF88212A04D5EF88212B04D5EF88212A04D6EF8A212A04D5EF8A212A04D5EF8A212A04D6EF8A212A04D6EF8A212A04D6EF8A212A04D5EF8A212A04D5EF8A212A04D5EF8A212A04D5EF8A212A04D5EF8A212A04D6EF8B212904D5EF8A212904D5EF8A212A04D5EF8B212A04D5EF8B212A04D5EF8B212A04D6EF8A212A04D5EF8A212A04D5EF8B212904D6EF8B212904D6EF8B212904D5EF8B212A04D5EF8B212A04D5EF8B212A04D5EF8B212904D5EF8A212904D5EF8A212A04D5EF8B212A04D6EF8A212A04D5EF8A212904D5EF8A212A04D5EF8A212A04D5EF8A212A04D6EF8A212A04D6EF8A212A04D6EF8A212A04D5EF88212A04D5EF88212A04D6EF88212A04D6EF88212A04D6EF8A212A04D6EF8A212B04D6EF88212B04D6EF88212A04D6EF88212A04D6EF88212A04D6EF88212B04D5EF88212B04D5EF87212A04D6EF87212B04D6EF87212B04D6EF87212B04D6EF87212B04D6EF87212B04D6EF87212A04D6EF87212B04D6EF86212B04D6EF87212A04D6EF88212A04D6EF87212A04D6EF87,,,
2016-06-21T06:04:12Z,123,123,212A04D6EF88212A04D6EF88212A04D6EF87212A04D5EF88212A04D6EF88212A04D6EF88212A04D6EF88212A04D6EF88212A04D6EF88212A04D6EF88212A04D5EF88212904D5EF88212A04D6EF88212A04D6EF88212A04D6EF88212A04D6EF88212904D6EF88212904D6EF88212904D5EF88212904D5EF8A212A04D5EF8A212A04D5EF8A212904D5EF8A212904D5EF8A212A04D5EF8B212A04D5EF8B212904D5EF8A212904D5EF8A212A04D5EF8A212A04D5EF8B212904D5EF8B212A04D5EF8A212A04D5EF8B212A04D5EF8B212A04D6EF8A212A04D6EF8B212A04D5EF8B212904D6EF8B212904D6EF8B212A04D5EF8A212A04D5EF8A212A04D5EF8A212A04D5EF8A212A04D5EF8A212A04D5EF8A212A04D5EF8A212A04D5EF8A212A04D5EF8A212A04D6EF8A212A04D6EF8A212B04D5EF8A212B04D5EF88212A04D6EF8A212A04D6EF8A212A04D5EF88212A04D5EF8A212A04D5EF8A212A04D6EF88212A04D5EF88212A04D5EF88212A04D6EF88212A04D6EF88212904D6EF88212904D6EF88212A04D5EF87212B04D5EF87212B04D5EF88212A04D5EF88212A04D5EF87212A04D6EF87212B04D6EF87212B04D6EF87212B04D6EF87212B04D6EF87212B04D6EF88212B04D6EF88212A04D6EF87212A04D6EF87212B04D6EF87212B04D6EF87212A04D6EF88212A04D6EF88212A04D6EF88212A04D6EF88212A04D6EF88212A04D6EF88212904D5EF88212904D5EF88212A04D5EF8A212A04D5EF8A212A04D6EF88212A04D6EF8A212904D6EF8A212904D6EF8A212A04D6EF8A212A04D5EF8A212A04D5EF8A212A04D5EF88212B04D5EF88212B04D6EF8A212A04D5EF8A212A04D5EF8B212A04D5EF8A212904D5EF8A212904D5EF8A212904D5EF8B212A04D6EF8B212A04D6EF8A212A04D5EF8A212A04D5EF8B212904D5EF8C212904D6EF8B212A04D5EF8B212A04D5EF8C212904D5EF8B212904D5EF8B212904D5EF8B212A04D5EF8A212A04D6EF8A212A04D6EF8A212A04D6EF8A212A04D5EF8A212A04D4EF8A,,,
2016-06-21T06:04:13Z,123,123,212A04D5EF8A212A04D6EF8A212A04D6EF8A212A04D5EF8A212A04D5EF8A212A04D6EF8A212A04D5EF88212B04D5EF88212B04D6EF8A212A04D6EF8A212904D5EF88212904D5EF88212A04D5EF88212A04D6EF88212A04D6EF88212A04D6EF88212A04D6EF88212B04D6EF87212A04D6EF87212A04D6EF87212A04D6EF87212B04D5EF87212B04D5EF87212B04D6EF88212A04D6EF87212B04D6EF87212B04D6EF87212A04D6EF87212A04D6EF87212B04D5EF88212B04D6EF88212A04D6EF87212A04D5EF87212A04D5EF87212B04D6EF87212A04D6EF88212A04D6EF88212A04D5EF88212A04D5EF88212B04D5EF88212A04D5EF88212A04D5EF88212A04D5EF8A212A04D5EF8A212B04D6EF8A212A04D6EF8A212A04D6EF8A212904D5EF8A212904D5EF88212A04D5EF88212A04D5EF8A212A04D5EF8A212A04D5EF8A212A04D5EF8A212A04D5EF8B212A04D5EF8A212A04D5EF8A212A04D5EF8B212A04D5EF8B212904D5EF8B212904D5EF8B212A04D5EF8B212A04D6EF8B212A04D5EF8B212904D5EF8B212904D5EF8B212A04D5EF8B212A04D5EF8B212A04D5EF8B212904D5EF8B212A04D5EF8B212A04D5EF8B212A04D5EF8A212A04D6EF8A212A04D5EF8B212A04D5EF8A212A04D5EF8A212A04D5EF8A212A04D6EF8A212A04D6EF8A212B04D6EF88212B04D6EF88212B04D6EF88212A04D6EF8A212A04D6EF8A212A04D5EF88212A04D5EF88212A04D6EF88212A04D6EF88212A04D6EF88212A04D6EF88212B04D5EF88212B04D5EF87212B04D6EF87212B04D6EF87212B04D5EF87212B04D5EF87212B04D6EF87212B04D6EF87212B04D5EF87212B04D6EF87212A04D6EF87212A04D6EF87212A04D6EF87212A04D6EF87212A04D6EF87212B04D6EF87212B04D6EF87212A04D6EF87212A04D5EF88212A04D5EF88212A04D6EF88212A04D6EF88212A04D6EF88212A04D6EF88212A04D5EF88212B04D5EF88212B04D6EF88212A04D6EF88212A04D5EF88212A04D5EF88212A04D5EF88212B04D5EF8A,,,
2016-06-21T06:04:14Z,123,123,212A04D5EF8A212A04D5EF8A212A04D5EF8A212A04D5EF8A212A04D6EF8A212A04D6EF8A212A04D5EF8A212A04D5EF8A212A04D5EF8A212A04D5EF8A212A04D5EF8A212904D5EF8A212A04D5EF8A212A04D5EF8A212A04D5EF8A212A04D5EF8B212A04D5EF8B212A04D5EF8B212A04D5EF8B212904D5EF8B212904D5EF8B212904D6EF8A212A04D5EF8B212A04D5EF8B212A04D6EF8A212A04D6EF8A212904D6EF8A212A04D6EF8A212A04D5EF8A212A04D5EF8A212A04D5EF8A212A04D5EF8A212A04D5EF8A212A04D5EF8A212A04D6EF8A212A04D6EF8A212A04D5EF8A212A04D5EF88212A04D5EF88212A04D5EF88212A04D5EF88212A04D5EF88212A04D6EF88212A04D6EF88212A04D6EF88212A04D6EF88212A04D6EF88212A04D6EF87212B04D6EF88212B04D6EF88212B04D6EF87212B04D6EF87212A04D6EF87212A04D6EF87212B04D6EF87212B04D6EF87212A04D6EF87212A04D6EF87212B04D6EF87212B04D6EF87212A04D6EF88212A04D6EF88212A04D5EF88212A04D5EF88212A04D5EF88212A04D5EF88212B04D5EF88212A04D5EF8A212A04D5EF88212A04D5EF88212904D5EF88212A04D5EF88212A04D5EF88212904D5EF88212904D5EF88212904D5EF8A212A04D5EF8A212A04D5EF8A212A04D6EF88212904D6EF8A212A04D5EF8A212A04D5EF8A212A04D5EF8A212A04D6EF8A212904D5EF8A212904D5EF8A212A04D5EF8A212A04D5EF8A212A04D6EF8A212A04D6EF8B212A04D5EF8B212904D5EF8B212904D5EF8B212904D5EF8B212A04D5EF8B212A04D5EF8B212A04D5EF8B212A04D5EF8B212A04D5EF8A212A04D5EF8A212A04D5EF8A212A04D5EF8B212A04D6EF8B212A04D6EF8A212A04D5EF8A212A04D5EF8A212A04D5EF8A212A04D5EF8A212A04D5EF8A212A04D5EF88212A04D6EF8A212A04D6EF8A212904D6EF88212A04D6EF88212A04D6EF88212A04D6EF88212A04D5EF88212A04D5EF88212904D5EF88212904D6EF88212A04D6EF88212A04D6EF88212A04D6EF87,,,
2016-06-21T06:04:15Z,123,123,212A04D6EF87212A04D5EF88212A04D5EF88212A04D5EF88212B04D6EF88212B04D6EF87212B04D6EF87212A04D6EF88212A04D6EF88212A04D6EF87212A04D6EF87212A04D6EF87212A04D6EF87212A04D6EF87212B04D6EF87212B04D6EF88212A04D6EF88212B04D6EF88212B04D6EF88212A04D5EF88212A04D5EF88212A04D6EF88212A04D6EF88212A04D6EF88212904D6EF88212A04D6EF88212A04D5EF88212A04D5EF88212A04D6EF8A212A04D6EF8A212A04D6EF88212A04D6EF88212A04D5EF8A212A04D5EF8A212B04D5EF8A212A04D5EF8A212A04D5EF8A212904D5EF8A212A04D5EF8A212B04D6EF8A212A04D6EF8A212A04D6EF8A212A04D5EF8B212904D5EF8B212A04D5EF8B212A04D5EF8B212A04D6EF8B212904D5EF8B212904D5EF8A212A04D5EF8B212A04D5EF8B212A04D6EF8B212A04D6EF8B212A04D5EF8B212A04D5EF8A212904D5EF8A212A04D5EF8A212A04D6EF8A212A04D6EF8A212A04D6EF8A212904D6EF8A212904D5EF8A212A04D5EF8A212A04D5EF8A212A04D5EF88212A04D6EF88212A04D6EF88212A04D6EF8A212A04D5EF8A212A04D5EF88212A04D5EF8A212A04D6EF8A212A04D6EF88212A04D6EF88212A04D6EF88212A04D6EF88212B04D6EF88212A04D6EF88212B04D6EF87212B04D6EF87212B04D5EF88212B04D5EF87212B04D6EF87212A04D6EF87212A04D6EF87212B04D6EF87212B04D6EF87212B04D6EF88212B04D6EF88212B04D5EF87212A04D5EF87212A04D5EF87212A04D5EF88212A04D6EF88212B04D6EF87212B04D5EF88212A04D5EF88212A04D5EF88212B04D5EF88212A04D5EF88212A04D5EF88212B04D6EF88212B04D6EF8A212A04D5EF8A212904D5EF8A212A04D5EF8A212B04D5EF8A212A04D5EF8A212A04D6EF8A212A04D6EF8A212A04D5EF8A212A04D5EF8A212A04D5EF8A212B04D5EF8A212A04D5EF8A212A04D5EF8B212A04D5EF8A212A04D6EF8A212A04D5EF8A212A04D5EF8B212A04D5EF8B212904D5EF8B212904D5EF8B,,,
2016-06-21T06:04:16Z,123,123,212904D5EF8B212904D5EF8B212904D5EF8B212904D5EF8B212904D5EF8B212A04D5EF8A212A04D5EF8A212A04D5EF8A212A04D5EF8A212A04D5EF8A212A04D5EF8A212A04D5EF8A212A04D5EF8A212904D5EF8A212904D5EF8A212A04D5EF88212A04D5EF88212A04D5EF8A212A04D5EF8A212A04D5EF8A212A04D5EF88212A04D5EF8A212A04D5EF8A212A04D5EF8A212B04D5EF88212B04D6EF88212A04D6EF88212A04D6EF88212A04D6EF88212A04D6EF88212A04D6EF88212A04D6EF88212A04D6EF87212A04D6EF87212A04D6EF87212A04D6EF87212B04D6EF87212B04D6EF88212B04D6EF87212A04D6EF87212A04D6EF87212A04D6EF87212B04D6EF88212B04D6EF88212A04D6EF87212A04D6EF87212B04D6EF88212B04D6EF88212B04D6EF88212B04D6EF88212B04D6EF88212A04D5EF88212A04D6EF88212A04D6EF88212A04D5EF88212A04D5EF88212A04D5EF88212A04D5EF8A212B04D5EF8A212B04D5EF88212A04D5EF8A212A04D6EF8A212B04D6EF88212A04D5EF8A212A04D5EF8A212A04D5EF8A212A04D5EF8A212A04D5EF8A212904D5EF8B212904D6EF8B212A04D5EF8B212A04D5EF8A212A04D5EF8A212A04D5EF8B212A04D5EF8B212904D5EF8B212904D5EF8B212A04D5EF8B212A04D5EF8B212A04D5EF8B212904D5EF8A212904D5EF8B212904D5EF8B212A04D5EF8B212A04D5EF8B212A04D5EF8A212904D5EF8A212A04D5EF8A212904D5EF8A212904D5EF8A212A04D5EF8A212A04D5EF8A212A04D5EF8A212904D6EF88212A04D5EF8A212A04D5EF8A212904D6EF8A212A04D6EF8A212B04D6EF88212A04D6EF8A212A04D5EF8A212A04D5EF88212A04D6EF88212A04D5EF88212A04D5EF88212A04D5EF87212A04D6EF88212A04D6EF88212A04D6EF87212A04D5EF88212B04D5EF88212B04D6EF87212A04D6EF87212A04D6EF87212A04D6EF87212A04D6EF87212A04D5EF87212A04D5EF87212B04D6EF87212B04D6EF87212A04D5EF87212A04D5EF88212A04D5EF88,,,
2016-06-21T06:04:17Z,123,123,212A04D5EF88212A04D5EF88212A04D5EF88212A04D5EF88212A04D5EF87212A04D5EF88212A04D5EF8A212A04D5EF8A212A04D5EF88212A04D5EF88212A04D5EF8A212A04D6EF8A212904D6EF88212A04D6EF88212A04D6EF88212904D5EF88212904D5EF8A212A04D5EF8A212A04D5EF8A212A04D5EF8A212A04D5EF8A212A04D5EF88212A04D5EF8A212A04D5EF8A212904D5EF8A212A04D5EF8A212A04D5EF8B212904D5EF8B212904D5EF8B212A04D5EF8B212A04D5EF8B212904D5EF8B212904D5EF8B212904D5EF8B212904D5EF8B212904D5EF8B212904D5EF8B212904D5EF8B212A04D6EF8B212A04D5EF8B212904D5EF8B212904D5EF8B212A04D6EF8A212A04D5EF8A212A04D5EF8A212A04D6EF8A212A04D6EF8A212B04D5EF8A212A04D5EF8A212904D5EF88212A04D5EF88212A04D6EF8A212A04D5EF8A212A04D5EF88212A04D6EF88212B04D6EF8A212B04D6EF8A212904D6EF88212A04D6EF88212A04D6EF88212A04D6EF88212A04D6EF87212A04D6EF87212A04D6EF88212A04D6EF88212A04D6EF87212B04D5EF87212B04D5EF87212B04D6EF87212A04D6EF87212A04D5EF87212A04D5EF87212A04D5EF87212A04D6EF88212A04D6EF88212B04D5EF87212A04D5EF88212A04D5EF88212A04D6EF88212B04D6EF88212A04D6EF88212A04D6EF87212A04D6EF88212A04D6EF88212A04D5EF88212A04D5EF8A212B04D5EF8A212B04D5EF8A212A04D5EF88212A04D5EF88212A04D5EF88212B04D5EF88212A04D5EF8A212A04D6EF8A212A04D6EF88212A04D5EF88212A04D5EF8A212A04D5EF8B212A04D5EF8A212A04D5EF8A212A04D5EF8A212A04D5EF8A212A04D5EF8B212A04D5EF8B212A04D5EF8A212A04D5EF8A212A04D5EF8B212A04D5EF8B212A04D5EF8B212A04D5EF8B212904D5EF8B212A04D5EF8B212A04D5EF8B212A04D5EF8B212A04D5EF8B212A04D5EF8B212904D5EF8B212A04D5EF8B212A04D5EF8A212A04D5EF8A212A04D5EF8A212A04D5EF8A212A04D6EF88,,,
2016-06-21T06:04:18Z,123,123,212A04D6EF88212A04D6EF8A212A04D5EF8A212A04D5EF8A212A04D6EF8A212A04D6EF88212A04D5EF88212904D5EF88212A04D5EF88212A04D5EF8A212A04D6EF8A212A04D5EF88212A04D5EF88212A04D6EF88212A04D6EF88212A04D6EF88212904D6EF88212904D6EF88212A04D6EF88212A04D6EF87212A04D6EF87212A04D6EF88212A04D6EF88212B04D5EF87212B04D5EF87212B04D6EF87212A04D6EF87212A04D6EF87212A04D6EF87212A04D6EF87212A04D6EF87212A04D6EF87212A04D5EF88212904D5EF88212A04D5EF88212B04D5EF88212A04D6EF87212A04D6EF88212A04D5EF88212A04D5EF88212A04D5EF88212A04D5EF8A212904D5EF8A212904D5EF8A212A04D6EF8A212A04D6EF8A212A04D6EF8A212A04D6EF8A212904D5EF8A212904D5EF8A212A04D5EF8A212A04D5EF8A212A04D5EF8A212A04D5EF8A212A04D6EF8A212A04D5EF8B212A04D5EF8B212A04D6EF8A212904D6EF8A212904D6EF8A212904D6EF8A212A04D6EF8A212A04D5EF8A212904D5EF8B212A04D5EF8B212A04D5EF8B212904D5EF8B212904D5EF8B212904D5EF8B212A04D5EF8B212A04D6EF8B212904D6EF8B212904D5EF8B212A04D5EF8B212A04D6EF8B212A04D6EF8A212A04D5EF8A212A04D5EF8A212A04D5EF8A212A04D6EF8A212A04D5EF8A212A04D5EF8A212A04D6EF8A212A04D6EF88212A04D6EF88212A04D6EF8A212A04D6EF8A212A04D6EF88212A04D6EF88212A04D6EF88212B04D6EF88212B04D6EF88212B04D6EF87212B04D6EF88212A04D6EF88212A04D6EF88212B04D6EF88212B04D6EF88212B04D5EF88212B04D5EF87212B04D6EF87212B04D6EF87212A04D6EF87212A04D6EF87212A04D6EF88212A04D6EF88212A04D6EF87212A04D6EF87212A04D6EF87212A04D6EF87212A04D6EF88212A04D6EF88212B04D5EF87212A04D5EF88212A04D5EF88212B04D5EF88212A04D5EF88212A04D5EF88212A04D6EF88212A04D6EF88212A04D5EF88212A04D6EF88212A04D6EF8A,,,
2016-06-21T06:04:19Z,123,123,212904D5EF8A212A04D5EF88212A04D5EF88212A04D6EF88212A04D6EF88212A04D5EF88212A04D5EF88212A04D6EF88212A04D6EF8A212904D5EF8A212904D5EF8A212A04D5EF8A212A04D5EF8A212A04D5EF8B212A04D5EF8B212A04D5EF8A212A04D5EF8B212A04D5EF8B212A04D5EF8A212904D5EF8A212904D5EF8A212A04D5EF8A212A04D5EF8B212904D5EF8B212A04D5EF8B212A04D5EF8B212A04D5EF8B212A04D5EF8B212A04D5EF8A212A04D5EF8A212904D5EF8A212A04D5EF8A212A04D5EF8A212A04D5EF8A212A04D5EF8A212A04D5EF8A212A04D5EF8A212A04D5EF8A212A04D5EF8A212B04D6EF8A212A04D6EF8A212904D6EF88212A04D5EF88212A04D5EF88212904D5EF88212904D5EF88212A04D6EF88212A04D6EF88212904D5EF88212904D5EF88212A04D5EF88212A04D6EF88212B04D6EF87212A04D6EF87212A04D6EF88212A04D6EF88212B04D6EF87212B04D6EF88212B04D6EF88212A04D5EF87212A04D5EF87212A04D6EF87212A04D6EF88212A04D5EF88212A04D6EF88212A04D6EF88212B04D6EF87212A04D6EF87212A04D6EF87212A04D6EF88212A04D5EF88212904D5EF88212904D5EF88212A04D5EF88212A04D5EF88212A04D6EF88212B04D6EF88212A04D6EF88212904D5EF88212A04D5EF88212A04D6EF88212904D6EF88212904D5EF88212904D5EF8A212904D5EF8A212A04D6EF8A212A04D5EF8B212A04D5EF8A212A04D5EF8A212A04D5EF8B212A04D5EF8B212A04D5EF8B212A04D5EF8A212A04D5EF8A212A04D5EF8B212904D5EF8B212904D5EF8B212A04D5EF8B212A04D5EF8B212904D5EF8B212904D5EF8B212904D5EF8B212A04D5EF8A212A04D6EF8A212A04D5EF8B212A04D5EF8A212904D6EF8A212904D6EF8B212904D6EF8B212904D5EF8B212A04D5EF8A212A04D6EF8A212A04D5EF8B212A04D5EF8B212B04D5EF8A212A04D5EF8A212A04D5EF8A212A04D6EF8A212A04D6EF8A212A04D5EF8A212A04D5EF8A212904D6EF8A212904D5EF8A,,,
2016-06-21T06:04:20Z,123,123,212A04D5EF8A212A04D5EF8A212A04D5EF8A212A04D5EF8A212A04D5EF88212A04D5EF88212A04D5EF88212A04D5EF88212A04D5EF88212A04D5EF88212A04D6EF87212A04D6EF87212A04D6EF87212B04D6EF87212A04D6EF88212A04D5EF88212A04D5EF88212A04D6EF87212A04D6EF87212A04D5EF87212A04D5EF87212A04D6EF87212B04D6EF88212B04D6EF88212A04D6EF88212A04D6EF88212B04D5EF88212B04D5EF88212A04D6EF88212A04D6EF88212A04D5EF88212904D5EF8A212A04D6EF8A212A04D5EF8A212A04D5EF8A212A04D5EF8A212A04D6EF8A212A04D6EF88212904D6EF88212904D6EF88212A04D5EF88212A04D5EF88212A04D5EF8A212A04D5EF8A212A04D5EF8A212A04D6EF8A212904D5EF8A212904D5EF8A212A04D5EF8A212A04D5EF8A212A04D5EF8A212A04D5EF8A212904D5EF8B212904D5EF8B212904D5EF8A212A04D5EF8A212A04D6EF8A212A04D5EF8B212A04D5EF8B212A04D5EF8B212904D5EF8B212904D5EF8B212904D5EF8B212904D5EF8B212904D5EF8B212A04D5EF8B212B04D5EF8B212A04D5EF8B212A04D6EF8B212A04D5EF8A212A04D5EF8A212A04D5EF8A212A04D5EF8A212A04D6EF8A212A04D6EF8A212A04D5EF8A212A04D5EF88212A04D6EF8A212A04D5EF8A212A04D5EF88212A04D6EF88212A04D5EF88212A04D5EF88212A04D5EF88212A04D6EF88212A04D5EF8A212A04D5EF8A212A04D5EF88212A04D5EF88212B04D5EF88212B04D5EF88212B04D5EF88212904D5EF88212A04D6EF87212A04D6EF88212A04D6EF88212B04D6EF87212B04D6EF87212A04D6EF87212A04D6EF87212A04D6EF87212A04D6EF87212A04D6EF88212A04D5EF88212A04D5EF87212A04D6EF87212A04D5EF88212A04D5EF88212A04D6EF87212B04D6EF88212A04D6EF88212904D5EF88212904D5EF88212904D6EF8A212A04D6EF8A212A04D5EF88212A04D5EF88212A04D6EF88212A04D6EF88212A04D5EF8A212A04D5EF8A212A04D5EF8A212A04D5EF8A,,,
2016-06-21T06:04:21Z,123,123,212A04D5EF8A212A04D5EF88212A04D5EF88212A04D6EF8A212A04D6EF8A212A04D6EF8A212A04D5EF8A212A04D5EF8A212A04D5EF8A212B04D6EF8A212A04D5EF8B212904D5EF8B212A04D5EF8B212904D5EF8B212904D5EF8B212904D5EF8B212904D5EF8B212904D5EF8B212904D5EF8B212904D5EF8B212904D5EF8B212904D5EF8B212904D5EF8B212904D5EF8B212904D5EF8B212904D5EF8B212904D5EF8A212904D5EF8A212904D5EF8B212904D5EF8A212904D5EF8A212A04D6EF8A212A04D5EF8A212904D6EF8A212904D6EF88212A04D6EF88212A04D5EF8A212A04D5EF8A212A04D6EF8A212904D6EF8A212A04D5EF8A212A04D5EF8A212A04D5EF88212A04D5EF88212A04D6EF8A212A04D6EF8A212A04D6EF88212B04D6EF88212B04D6EF88212A04D6EF88212A04D5EF88212A04D5EF88212A04D6EF88212A04D6EF88212A04D5EF87212A04D6EF87212B04D6EF87212A04D6EF87212A04D6EF87212A04D6EF87212A04D5EF87212A04D6EF87212A04D6EF87212B04D6EF87212B04D6EF87212A04D6EF87212A04D5EF87212A04D5EF87212A04D5EF88212904D6EF88212A04D6EF88212A04D6EF88212A04D6EF8A212904D6EF8A212904D5EF88212A04D5EF88212A04D6EF8A212904D6EF8A212904D5EF88212A04D5EF88212A04D5EF8A212A04D5EF8A212A04D6EF8A212A04D5EF8A212A04D5EF8A212A04D5EF8A212A04D5EF8A212A04D6EF8A212904D5EF8B212904D5EF8A212A04D5EF8A212A04D6EF8A212204D6EF8B212A04D5EF8B212A04D5EF8B212A04D5EF8B212A04D5EF8B212A04D5EF8B212904D5EF8B212A04D5EF8B212A04D5EF8B212904D5EF8B212904D5EF8B212A04D5EF8B212B04D5EF8B212504D5EF8B212A04D5EF8B212A04D6EF8A212B04D6EF8B212A04D6EF8B212904D6EF8A212904D6EF8A212904D5EF8A212904D5EF8A212904D5EF8A212904D5EF8A212904D5EF8A212A04D5EF8A212B04D5EF8A212A04D5EF8A212A04D6EF88212B04D6EF88212B04D6EF88,,,
2016-06-21T06:04:22Z,123,123,212A04D6EF88212A04D6EF8A212A04D5EF8A212B04D5EF88212A04D6EF88212A04D6EF88212A04D6EF88212B04D6EF87212A04D6EF88212A04D6EF88212A04D6EF88212A04D6EF88212A04D6EF88212A04D6EF87212A04D5EF87212A04D5EF87212B04D6EF87212B04D6EF87212A04D6EF87212A04D6EF87212A04D6EF87212A04D6EF87212A04D6EF87212A04D6EF87212A04D6EF88212A04D6EF88212B04D5EF88212A04D5EF88212A04D5EF88212A04D5EF88212A04D5EF88212A04D5EF88212A04D5EF88212A04D5EF8A212A04D5EF8A212904D5EF8A212A04D6EF8A212A04D5EF8A212A04D5EF8A212A04D5EF8A212A04D5EF8A212A04D5EF8A212904D5EF8A212A04D5EF88212A04D5EF8A212A04D5EF8A212A04D5EF8A212904D5EF8B212904D5EF8B212904D5EF8B212A04D5EF8B212A04D5EF8B212A04D5EF8B212A04D5EF8B212904D5EF8B212904D5EF8B212904D5EF8B212A04D5EF8B212A04D5EF8B212904D5EF8B212A04D5EF8B212B04D5EF8A212A04D5EF8A212A04D5EF8B212A04D6EF8B212A04D5EF8B212A04D5EF8A212A04D5EF8A212A04D5EF8B212A04D5EF8B212A04D5EF8A212A04D6EF8A212A04D6EF8A212904D6EF8A212904D6EF8A212A04D5EF8A212A04D5EF8A212904D5EF8A212A04D5EF88212A04D5EF88212A04D6EF88212A04D5EF88212A04D5EF88212904D6EF88212904D6EF88212A04D6EF88212A04D6EF88212904D5EF88212A04D5EF88212B04D5EF87212A04D5EF88212A04D6EF88212A04D6EF87212904D5EF87212A04D5EF87212B04D6EF87212B04D5EF87212B04D5EF87212A04D5EF87212A04D5EF87212A04D6EF87212B04D6EF87212B04D6EF87212A04D6EF87212B04D6EF87212B04D6EF88212A04D6EF88212A04D5EF88212A04D6EF87212A04D6EF88212A04D6EF88212A04D6EF8A212B04D6EF8A212B04D6EF88212B04D6EF88212B04D5EF8A212A04D5EF8A212A04D6EF8A212A04D5EF8A212A04D5EF8A212A04D5EF8A212A04D5EF8A212A04D5EF8A,,,
2016-06-21T06:04:23Z,123,123,212A04D5EF8A212A04D5EF8A212A04D5EF8A212A04D5EF8A212A04D5EF8A212A04D5EF8A212A04D5EF8B212A04D6EF8B212A04D5EF8B212904D5EF8B212904D5EF8B212904D5EF8B212904D5EF8B212904D5EF8B212904D5EF8B212904D5EF8B212904D5EF8B212904D5EF8B212904D5EF8B212904D5EF8B212904D5EF8B212904D5EF8B212904D5EF8B212904D5EF8B212A04D5EF8B212A04D5EF8A212A04D5EF8A212A04D5EF8A212A04D5EF8A212A04D5EF8A212A04D6EF8A212904D6EF8A212904D5EF88212A04D5EF88212B04D6EF8A212A04D6EF8A212A04D5EF8A212A04D6EF8A212A04D6EF8A212A04D5EF8A212A04D5EF88212A04D5EF88212A04D6EF88212A04D6EF88212A04D6EF88212A04D6EF88212B04D6EF88212A04D5EF87212A04D5EF87212A04D6EF87212A04D6EF87212A04D6EF87212A04D6EF87212A04D6EF87212A04D6EF87212B04D6EF87212B04D6EF87212A04D6EF87212A04D6EF87212B04D6EF87212B04D5EF87212B04D5EF88212B04D6EF88212A04D5EF88212A04D5EF88212A04D6EF88212A04D6EF88212A04D6EF88212A04D5EF88212A04D5EF88212904D5EF8A212904D5EF8A212A04D6EF8A212A04D6EF8A212904D6EF8A212A04D6EF8A212A04D6EF8A212A04D6EF8A212A04D6EF8A212A04D6EF8A212A04D6EF8A212A04D6EF8A212A04D6EF8A212A04D5EF8B212A04D5EF8A212A04D6EF8A212A04D5EF8B212A04D5EF8B212A04D6EF8B212A04D6EF8B212904D5EF8B212A04D5EF8B212A04D5EF8B212A04D5EF8B212A04D5EF8B212A04D5EF8B212A04D5EF8B212904D5EF8B212904D6EF8A212904D6EF8A212904D5EF8B212904D5EF8B212904D6EF8B212A04D5EF8A212A04D5EF8A212A04D6EF8A212A04D6EF88212A04D5EF88212A04D5EF8A212A04D5EF8A212A04D5EF8A212A04D5EF8A212B04D6EF8A212A04D6EF8A212A04D6EF8A212A04D5EF8A212A04D5EF8A212A04D6EF8A212A04D6EF88212A04D5EF88212B04D5EF88212A04D6EF88212A04D6EF88,,,
2016-06-21T06:04:24Z,123,123,212A04D6EF88212A04D6EF88212A04D6EF88212A04D6EF88212A04D5EF88212A04D5EF88212A04D6EF87212B04D6EF87212B04D6EF87212B04D6EF87212B04D5EF87212B04D5EF87212B04D6EF87212B04D6EF87212A04D6EF88212A04D6EF88212B04D5EF87212B04D5EF87212A04D5EF88212A04D6EF88212A04D6EF88212A04D6EF87212A04D5EF87212A04D5EF87212A04D6EF88212A04D6EF88212A04D6EF88212A04D6EF88212A04D5EF8A212A04D5EF88212A04D5EF88212A04D5EF88212A04D5EF8A212B04D5EF8A212B04D5EF8A212B04D5EF88212A04D5EF88212A04D5EF8A212A04D6EF8A212A04D5EF8A212A04D5EF8A212A04D5EF8A212A04D5EF8B212904D5EF8B212A04D5EF8B212A04D5EF8B212A04D5EF8B212904D5EF8B212A04D5EF8B212904D5EF8B212704D5EF8B212904D5EF8B212A04D6EF8B212A04D5EF8B212904D5EF8B212904D5EF8A212A04D5EF8B212A04D5EF8B212A04D5EF8B212A04D5EF8A212A04D5EF8A212A04D5EF8A212A04D6EF8A212A04D5EF8A212A04D5EF8A212A04D6EF8A212A04D5EF8A212A04D5EF8A212A04D6EF8A212A04D5EF8A212A04D5EF8A212A04D6EF88212A04D6EF88212A04D5EF88212904D5EF8A212A04D6EF8A212A04D6EF8A212A04D6EF88212B04D6EF88212B04D5EF88212A04D5EF88212A04D6EF8A212A04D6EF88212A04D6EF87212A04D6EF87212A04D6EF88212A04D6EF88212A04D5EF88212A04D5EF88212A04D5EF88212A04D5EF87212A04D5EF87212A04D6EF87212A04D6EF87212A04D6EF87212A04D6EF87212B04D6EF87212A04D6EF87212A04D6EF87212A04D6EF87212A04D6EF88212A04D6EF88212A04D5EF88212A04D5EF88212904D6EF88212A04D6EF88212B04D6EF88212B04D6EF88212A04D6EF88212A04D5EF8A212A04D5EF88212A04D6EF88212904D5EF88212A04D5EF8A212A04D6EF8A212904D6EF8A212A04D5EF8A212A04D5EF8A212A04D5EF8A212A04D5EF8A212A04D5EF8B212904D5EF8B212A04D5EF8B,,,
2016-06-21T06:04:25Z,123,123,212A04D5EF8A212A04D5EF8A212A04D5EF8A212A04D6EF8A212A04D6EF8A212A04D5EF8A212A04D5EF8A212904D5EF8B212904D5EF8B212904D5EF8B212A04D5EF8B212A04D5EF8B212A04D5EF8B212A04D5EF8B212A04D5EF8B212A04D5EF8B212A04D5EF8A212A04D6EF8A212904D6EF8A212A04D5EF8A212A04D5EF8A212A04D5EF8A212A04D5EF8A212A04D5EF8A212A04D5EF8A212A04D6EF8A212A04D6EF88212A04D6EF88212A04D5EF8A212A04D5EF8A212A04D6EF88212A04D6EF88212A04D5EF88212A04D5EF88212A04D5EF88212A04D6EF88212A04D6EF88212A04D5EF88212A04D5EF88212A04D5EF88212A04D5EF88212A04D6EF88212A04D5EF87212A04D5EF87212B04D6EF87212B04D6EF87212A04D6EF87212A04D6EF87212A04D6EF87212A04D6EF87212A04D6EF87212B04D6EF87212B04D6EF88212A04D5EF88212A04D5EF87212A04D6EF87212A04D5EF88212A04D5EF88212B04D6EF88212B04D5EF88212B04D5EF88212B04D5EF88212A04D5EF88212A04D5EF88212B04D5EF88212B04D6EF88212A04D6EF8A212A04D6EF8A212A04D5EF88212A04D5EF88212B04D6EF8A212A04D6EF8A212A04D6EF8A212B04D5EF8A212A04D5EF8A212A04D6EF8A212A04D6EF8A212A04D5EF8A212A04D5EF8A212B04D5EF8A212A04D5EF8A212A04D5EF8A212A04D5EF8A212A04D5EF8A212904D5EF8A212A04D6EF8B212A04D5EF8B212904D5EF8B212904D5EF8B212904D5EF8B212904D5EF8B212904D5EF8B212904D5EF8B212A04D5EF8A212A04D5EF8A212A04D5EF8A212A04D5EF8A212A04D5EF8B212A04D6EF8A212A04D5EF8A212A04D5EF8A212A04D6EF8A212A04D6EF8A212A04D5EF8A212A04D5EF8A212A04D5EF8A212A04D6EF8A212A04D6EF8A212A04D6EF8A212A04D5EF8A212A04D5EF8A212A04D5EF8A212B04D6EF88212A04D5EF88212A04D5EF88212A04D5EF88212A04D5EF88212A04D6EF88212A04D5EF88212A04D5EF88212A04D5EF88212A04D5EF88212A04D5EF88,,,
2016-06-21T06:04:26Z,123,123,212A04D6EF88212A04D6EF88212A04D6EF88212A04D5EF88212A04D5EF88212A04D5EF87212A04D5EF87212A04D6EF87212B04D6EF87212B04D6EF87212A04D6EF87212904D6EF87212A04D6EF87212A04D6EF87212A04D6EF87212A04D6EF88212A04D5EF88212A04D5EF87212B04D6EF87212B04D6EF87212A04D6EF88212A04D6EF88212A04D6EF88212A04D6EF88212A04D6EF88212A04D6EF88212A04D6EF88212A04D6EF8A212A04D5EF8A212A04D5EF88212904D5EF88212904D6EF88212A04D6EF88212904D6EF8A212A04D6EF8A212A04D5EF8A212904D5EF8B212904D5EF8B212904D5EF8B212A04D6EF8B212A04D6EF8B212904D5EF8A212904D5EF8A212904D5EF8B212A04D5EF8B212A04D5EF8B212A04D5EF8B212A04D5EF8B212904D5EF8B212904D5EF8B212904D6EF8B212904D6EF8B212904D5EF8B212904D5EF8B212A04D5EF8B212A04D5EF8B212904D5EF8B212904D5EF8A212A04D5EF8A212A04D5EF8A212904D5EF8B212A04D5EF8A212A04D6EF8A212A04D6EF8A212A04D5EF8A212904D5EF8A212A04D6EF8A212A04D6EF88212A04D5EF8A212A04D5EF8A212A04D5EF88212A04D6EF88212A04D6EF88212A04D6EF88212A04D5EF88212A04D5EF88212A04D6EF88212A04D6EF88212A04D6EF88212B04D6EF88212A04D6EF88212904D6EF88212A04D6EF88212A04D6EF88212A04D6EF88212B04D6EF87212A04D6EF87212A04D6EF87212B04D6EF87212B04D6EF88212A04D6EF87212A04D6EF87212B04D6EF87212B04D6EF87212A04D6EF87212A04D6EF87212A04D6EF87212A04D6EF87212A04D6EF87212A04D6EF87212A04D6EF88212A04D6EF88212B04D5EF88212A04D5EF88212A04D6EF88212A04D6EF88212A04D5EF88212B04D5EF88212A04D6EF88212A04D6EF8A212A04D6EF8A212A04D6EF88212A04D6EF88212A04D6EF8A212904D6EF8A212904D6EF8A212A04D6EF8A212A04D6EF8A212B04D5EF8A212A04D5EF8A212A04D5EF8A212A04D5EF8A212A04D5EF8A,,,
2016-06-21T06:04:27Z,123,123,212A04D5EF8A212A04D5EF8A212A04D5EF8A212904D5EF8B212904D5EF8B212904D5EF8B212904D5EF8B212A04D5EF8B212A04D6EF8A212904D5EF8A212904D5EF8B212A04D5EF8B212A04D5EF8B212904D5EF8B212904D5EF8A212904D5EF8A212904D5EF8B212A04D5EF8A212A04D5EF8A212904D5EF8A212904D5EF8A212904D5EF8A212A04D5EF8A212A04D5EF88212A04D6EF88212B04D6EF8A212B04D5EF8A212A04D5EF88212A04D6EF8A212A04D6EF8A212A04D6EF88212B04D6EF88212B04D6EF88212A04D6EF88212A04D6EF88212A04D5EF8A212A04D5EF8A212A04D5EF88212A04D6EF88212A04D6EF87212A04D6EF87212A04D6EF88212B04D6EF88212B04D6EF87212A04D6EF87212A04D6EF87212B04D6EF87212A04D5EF87212A04D5EF87212A04D5EF87212A04D5EF87212A04D5EF87212B04D5EF86212B04D6EF87212B04D5EF88212B04D5EF88212A04D6EF87212A04D6EF87212A04D6EF87212B04D6EF88212B04D6EF88212A04D5EF88212A04D5EF88212A04D6EF88212A04D5EF88212A04D5EF88212A04D6EF88212B04D6EF88212A04D5EF88212904D5EF88212904D6EF88212A04D6EF88212A04D5EF8A212904D5EF8A212904D6EF8A212A04D6EF8A212A04D5EF8A212A04D5EF8A212A04D6EF8A212A04D6EF8A212904D5EF8A212904D5EF8A212904D5EF8A212904D5EF8A212904D6EF8A212A04D5EF8B212A04D5EF8B212A04D5EF8B212A04D6EF8A212A04D5EF8B212904D5EF8B212904D5EF8B212904D5EF8B212904D5EF8A212904D6EF8A212A04D5EF8B212A04D5EF8B212904D5EF8B212904D5EF8B212A04D6EF8B212A04D6EF8B212A04D6EF8B212A04D5EF8A212A04D5EF8A212A04D5EF8A212A04D5EF8B212A04D5EF8B212A04D5EF8A212904D5EF88212A04D5EF8A212A04D5EF8A212A04D5EF88212A04D5EF88212A04D5EF88212904D6EF88212904D6EF88212904D6EF88212904D6EF88212A04D6EF88212A04D6EF88212A04D5EF88212B04D5EF88212B04D5EF88,,,
2016-06-21T06:04:28Z,123,123,212A04D5EF88212A04D6EF88212A04D6EF87212A04D6EF87212904D6EF88212A04D6EF88212B04D6EF88212B04D6EF87212B04D6EF87212B04D6EF88212A04D6EF87212A04D5EF87212A04D5EF87212A04D5EF87212A04D5EF87212A04D6EF87212B04D6EF87212B04D6EF87212B04D6EF87212B04D6EF88212B04D6EF88212A04D6EF88212A04D5EF88212A04D5EF88212A04D6EF88212A04D6EF88212A04D6EF88212A04D6EF88212A04D6EF88212A04D5EF88212A04D5EF88212904D5EF88212A04D5EF88212A04D6EF88212A04D6EF88212A04D6EF8A212A04D6EF8A212A04D6EF8A212A04D6EF8A212A04D5EF8A212A04D5EF8A212904D5EF8A212904D5EF8B212A04D5EF8A212A04D6EF8A212904D6EF8B212904D5EF8B212904D5EF8B212A04D5EF8B212A04D5EF8B212A04D6EF8B212A04D5EF8B212A04D5EF8B212A04D5EF8B212A04D5EF8B212A04D5EF8B212A04D6EF8B212A04D5EF8B212A04D5EF8B212904D5EF8B212904D5EF8B212A04D5EF8B212A04D5EF8B212A04D6EF8B212A04D6EF8A212A04D6EF8A212A04D6EF8A212A04D6EF8A212A04D5EF8A212A04D5EF8A212904D5EF8A212A04D5EF8A212B04D5EF8A212B04D6EF8A212B04D6EF8A212B04D5EF88212A04D5EF88212904D5EF8A212904D5EF8A212A04D6EF88212B04D6EF88212A04D6EF88212A04D6EF88212A04D6EF88212A04D6EF88212A04D6EF87212B04D6EF87212B04D6EF87212B04D6EF87212A04D6EF87212A04D6EF87212A04D6EF87212B04D6EF87212B04D6EF87212B04D6EF87212B04D6EF87212A04D6EF87212A04D6EF87212B04D6EF87212B04D6EF87212B04D6EF88212B04D6EF88212B04D6EF88212B04D5EF88212A04D5EF88212A04D5EF88212B04D5EF88212B04D5EF87212A04D5EF88212A04D5EF88212A04D6EF88212A04D6EF88212A04D6EF88212A04D6EF88212A04D5EF88212A04D5EF88212A04D5EF88212904D5EF8A212A04D6EF8A212A04D5EF8A212A04D5EF8A212A04D5EF8A212A04D6EF8A,,,
2016-06-21T06:04:29Z,123,123,212A04D5EF8A212904D5EF8A212A04D6EF8A212A04D5EF8A212A04D5EF8A212A04D5EF8A212904D5EF8A212904D5EF8B212904D5EF8B212A04D5EF8B212A04D5EF8B212A04D5EF8B212904D5EF8B212A04D5EF8B212A04D5EF8B212904D5EF8B212904D5EF8B212904D5EF8B212A04D5EF8B212A04D5EF8B212A04D5EF8A212904D5EF8A212A04D6EF8B212A04D6EF8B212904D5EF8B212A04D5EF8B212B04D5EF8A212A04D5EF8A212904D5EF8A212A04D5EF8A212A04D5EF8B212A04D5EF8B212A04D6EF8A212B04D6EF8A212B04D6EF88212A04D5EF88212904D5EF8A212A04D6EF88212A04D6EF88212A04D6EF8A212A04D5EF88212B04D5EF88212B04D6EF88212A04D6EF88212A04D6EF88212B04D6EF88212A04D5EF88212A04D5EF88212A04D6EF88212A04D6EF88212A04D6EF88212A04D6EF88212A04D6EF88212A04D6EF88212A04D6EF88212A04D6EF88212A04D6EF87212A04D6EF87212A04D6EF88212A04D6EF88212A04D6EF87212A04D5EF87212B04D5EF88212B04D6EF88212A04D5EF88212A04D5EF88212B04D6EF88212B04D6EF88212B04D6EF88212A04D6EF88212A04D6EF88212A04D6EF88212A04D5EF88212A04D5EF88212A04D5EF88212A04D6EF8A212A04D6EF8A212A04D5EF88212B04D5EF88212A04D5EF88212A04D5EF8A212A04D6EF8A212B04D6EF8A212A04D5EF8A212A04D5EF8A212A04D6EF8A212A04D5EF8A212A04D5EF8A212A04D6EF8A212B04D5EF8A212A04D5EF8A212904D5EF8B212A04D5EF8A212A04D5EF8A212904D5EF8B212904D5EF8B212A04D5EF8B212A04D6EF8B212904D5EF8B212904D5EF8B212904D5EF8B212904D5EF8B212904D5EF8B212A04D5EF8B212A04D5EF8B212904D5EF8B212904D5EF8B212904D5EF8B212904D5EF8B212904D5EF8A212904D5EF8A212A04D5EF8A212A04D6EF8A212A04D6EF8A212A04D5EF8A212904D5EF8A212A04D5EF8A212A04D5EF8A212A04D6EF8A212B04D6EF88212A04D6EF88212904D6EF88212A04D6EF88,,,
2016-06-21T06:04:30Z,123,123,212A04D6EF88212A04D6EF88212A04D6EF8A212A04D6EF88212B04D6EF88212B04D6EF88212A04D6EF88212A04D6EF88212A04D6EF88212A04D6EF88212904D6EF88212A04D6EF88212A04D6EF88212A04D6EF87212A04D6EF88212B04D5EF88212B04D5EF88212B04D6EF87212A04D6EF87212A04D6EF87212B04D6EF87212B04D6EF87212A04D6EF87212A04D6EF87212B04D6EF87212B04D6EF87212A04D6EF87212A04D6EF87212B04D6EF87212B04D6EF87212B04D5EF87212B04D5EF87212B04D5EF88212B04D6EF88212A04D6EF88212A04D6EF88212A04D6EF88212A04D6EF88212A04D6EF88212A04D5EF88212A04D5EF88212A04D5EF8A212A04D5EF8A212A04D5EF88212B04D6EF88212B04D6EF88212904D6EF88212904D6EF8A212A04D6EF8A212904D6EF8A212A04D6EF8A212B04D6EF8A212A04D6EF8A212A04D6EF8A212A04D6EF8A212A04D6EF8A212A04D6EF8B212A04D6EF8B212904D5EF8B212904D5EF8B212A04D5EF8B212A04D6EF8B212A04D5EF8B212A04D5EF8B212A04D5EF8A212A04D5EF8A212A04D6EF8B212A04D5EF8A212A04D5EF8A212A04D5EF8B212A04D5EF8B212A04D5EF8B212A04D6EF8B212A04D5EF8B212904D5EF8B212904D5EF8A212A04D5EF8A212904D5EF8A212904D5EF8A212A04D5EF8A212A04D5EF8A212A04D5EF8A212A04D5EF8A212A04D5EF8A212A04D5EF8A212A04D5EF8A212A04D6EF8A212A04D6EF8A212A04D6EF88212A04D6EF88212A04D6EF88212B04D6EF88212A04D6EF88212A04D6EF88212A04D6EF88212A04D6EF88212A04D6EF88212A04D6EF87212A04D5EF87212A04D5EF87212A04D6EF87212A04D5EF88212A04D5EF88212A04D6EF87212B04D6EF87212A04D6EF87212A04D6EF87212A04D6EF87212B04D6EF87212B04D6EF87212B04D6EF87212B04D6EF87212A04D6EF87212A04D5EF87212A04D5EF87212A04D6EF88212A04D6EF88212A04D6EF88212B04D6EF88212A04D5EF88212A04D5EF88212A04D5EF88212B04D6EF88,,,
2016-06-21T06:04:31Z,123,123,212A04D6EF88212A04D6EF88212B04D6EF88212B04D6EF88212B04D5EF8A212A04D5EF8A212904D5EF8A212A04D5EF8A212A04D6EF8A212A04D6EF8A212A04D6EF8A212A04D6EF88212A04D6EF8A212A04D5EF8A212B04D5EF8A212A04D5EF8A212A04D5EF8A212A04D5EF8A212A04D5EF8B212A04D5EF8B212904D5EF8B212A04D5EF8B212A04D5EF8B212A04D6EF8B212904D6EF8B212904D5EF8A212A04D5EF8A212A04D5EF8B212904D5EF8B212A04D6EF8A212A04D6EF8A212A04D5EF8B212A04D5EF8B212A04D5EF8B212B04D5EF8B212A04D5EF8B212A04D5EF8A212A04D5EF8A212A04D5EF8A212A04D6EF8A212B04D6EF8A212A04D5EF8A212A04D5EF8A212A04D5EF8A212A04D5EF8A212A04D5EF8A212A04D5EF8A212A04D5EF8A212A04D6EF88212A04D5EF88212A04D5EF88212A04D6EF8A212B04D6EF88212A04D5EF88212A04D5EF88212A04D6EF88212A04D6EF88212A04D6EF88212A04D6EF88212A04D5EF88212A04D5EF88212A04D6EF88212A04D6EF88212A04D6EF88212A04D6EF88212A04D6EF87212B04D6EF87212A04D6EF87212A04D5EF87212A04D5EF87212B04D6EF87212A04D6EF87212A04D6EF87212B04D6EF87212B04D5EF87212B04D6EF87212A04D6EF87212A04D5EF87212B04D5EF88212B04D5EF88212A04D6EF88212B04D6EF88212A04D5EF88212A04D5EF88212A04D5EF88212A04D5EF88212A04D5EF8A212A04D6EF88212A04D6EF88212B04D6EF88212A04D6EF88212A04D5EF8A212A04D5EF88212A04D6EF88212A04D6EF88212904D5EF88212904D5EF8A212904D5EF8A212904D5EF8A212A04D5EF8A212A04D6EF8A212A04D5EF8A212A04D5EF8A212A04D5EF8A212A04D5EF8A212A04D5EF8A212904D5EF8B212904D5EF8B212904D5EF8B212904D5EF8B212904D5EF8B212904D5EF8C212904D5EF8B212904D5EF8B212904D5EF8B212A04D5EF8B212A04D5EF8B212A04D5EF8B212904D5EF8B212904D6EF8A212904D6EF8A212A04D5EF8B212904D5EF8B,,,
2016-06-21T06:04:32Z,123,123,212A04D5EF8B212A04D5EF8A212A04D5EF8A212904D5EF8A212A04D5EF8A212A04D6EF8A212904D6EF8A212A04D5EF8A212A04D5EF8A212A04D6EF8A212A04D6EF8A212A04D6EF88212A04D6EF88212A04D6EF88212A04D6EF8A212A04D6EF88212A04D6EF88212A04D6EF88212A04D6EF88212A04D6EF88212A04D6EF88212A04D5EF8A212A04D5EF88212B04D6EF88212B04D6EF88212A04D5EF87212A04D5EF87212A04D5EF88212A04D6EF88212A04D6EF88212A04D6EF88212A04D6EF87212A04D6EF87212B04D6EF87212A04D6EF87212A04D6EF87212A04D6EF87212A04D6EF87212904D6EF87212904D6EF88212A04D6EF88212A04D6EF87212A04D6EF88212B04D6EF88212B04D6EF87212A04D6EF88212A04D6EF88212A04D5EF88212A04D5EF88212A04D6EF88212A04D6EF88212A04D6EF88212904D6EF88212904D6EF8A212A04D6EF8A212A04D6EF88212A04D6EF88212A04D6EF88212A04D5EF8A212904D5EF8A212A04D5EF8A212A04D5EF88212A04D5EF88212A04D5EF8A212904D6EF8A212904D6EF8A212904D6EF8A212A04D6EF8A212A04D5EF8B212A04D5EF8B212A04D5EF8B212A04D5EF8A212904D5EF8B212A04D5EF8A212A04D6EF8A212904D5EF8A212904D5EF8B212904D5EF8B212904D5EF8B212904D5EF8B212A04D5EF8B212A04D5EF8A212A04D5EF8A212A04D4EF8B212A04D5EF8B212A04D5EF8B212904D5EF8A212904D5EF8A212904D5EF8A212904D6EF8A212A04D6EF8A212A04D6EF8B212A04D6EF8A212A04D5EF8A212A04D5EF8A212A04D6EF8A212B04D5EF8A212B04D5EF8A212A04D5EF8A212A04D5EF8A212A04D6EF8A212B04D6EF88212B04D6EF88212B04D5EF8A212B04D5EF8A212B04D6EF88212A04D6EF88212A04D6EF88212A04D6EF88212B04D5EF88212A04D5EF88212A04D6EF87212A04D6EF88212B04D6EF88212A04D6EF87212A04D6EF87212B04D6EF87212B04D6EF87212A04D6EF87212A04D6EF87212A04D6EF87212A04D6EF87212A04D6EF88,,,
2016-06-21T06:04:33Z,123,123,212B04D6EF88212B04D6EF88212B04D6EF87212B04D6EF87212B04D6EF87212A04D6EF87212A04D6EF88212A04D6EF88212A04D6EF88212A04D5EF88212A04D5EF88212A04D5EF88212A04D5EF88212B04D6EF88212A04D6EF88212904D6EF88212A04D6EF88212A04D5EF88212A04D5EF8A212A04D5EF88212A04D5EF88212B04D6EF8A212A04D5EF8A212904D5EF8A212904D6EF88212A04D5EF88212A04D5EF88212A04D5EF8A212A04D5EF8A212904D6EF8B212904D6EF8B212904D6EF8A212904D5EF8A212A04D5EF8A212A04D5EF8A212A04D5EF8A212A04D6EF8B212904D5EF8B212904D5EF8A212904D5EF8B212A04D5EF8B212904D6EF8B212A04D5EF8B212A04D5EF8B212904D5EF8B212A04D5EF8A212A04D5EF8A212A04D5EF8B212A04D5EF8B212A04D5EF8B212A04D6EF8B212A04D5EF8A212A04D5EF8A212A04D5EF8A212904D5EF8A212A04D5EF8A212A04D5EF8A212A04D6EF88212B04D6EF88212A04D6EF8A212A04D6EF8A212A04D6EF8A212A04D6EF8A212A04D5EF8A212904D5EF8A212A04D5EF88212B04D5EF88212A04D5EF88212A04D5EF88212A04D5EF88212B04D6EF88212B04D6EF88212B04D6EF88212A04D6EF88212A04D6EF88212A04D5EF88212B04D5EF87212B04D6EF87212A04D5EF87212A04D5EF87212A04D5EF88212B04D5EF88212B04D6EF87212A04D6EF87212A04D6EF87212A04D6EF87212B04D6EF87212A04D6EF87212A04D6EF87212A04D6EF87212A04D6EF87212B04D6EF87212B04D6EF87212B04D6EF87212B04D6EF88212B04D6EF88212A04D5EF88212A04D6EF88212A04D6EF88212904D6EF88212904D6EF88212A04D6EF88212A04D5EF88212A04D5EF88212A04D6EF88212A04D6EF88212904D5EF88212904D5EF8A212904D5EF8A212904D5EF8A212904D5EF8A212904D5EF8A212904D5EF8A212A04D5EF8A212A04D6EF8A212A04D6EF8A212A04D6EF8A212A04D6EF8B212A04D6EF8B212A04D5EF8B212904D5EF8B212904D5EF8A212904D5EF8A,,,
2016-06-21T06:04:34Z,123,123,212A04D5EF8B212A04D5EF8B212A04D5EF8A212A04D6EF8A212A04D6EF8B212904D5EF8B212904D5EF8A212904D5EF8A212904D5EF8A212904D5EF8A212904D5EF8B212904D5EF8B212904D5EF8A212904D5EF8A212A04D5EF8B212A04D6EF8A212A04D6EF8A212904D6EF8A212A04D6EF8A212B04D6EF8A212A04D6EF8A212A04D5EF8A212A04D5EF88212A04D5EF8A212A04D5EF8A212A04D6EF8A212A04D6EF8A212904D5EF88212904D6EF88212A04D6EF8A212A04D5EF8A212904D5EF88212A04D5EF88212A04D5EF88212A04D5EF88212904D6EF88212904D6EF88212A04D6EF88212A04D6EF88212A04D5EF88212A04D6EF88212A04D6EF88212A04D6EF88212A04D6EF87212A04D6EF87212904D6EF87212A04D6EF87212B04D6EF87212A04D6EF88212A04D6EF88212A04D6EF87212A04D5EF88212A04D5EF88212A04D5EF88212A04D6EF88212A04D6EF87212A04D6EF87212B04D6EF88212A04D5EF88212A04D5EF88212A04D5EF88212A04D5EF88212A04D5EF88212A04D6EF88212A04D5EF88212A04D5EF88212904D6EF88212904D6EF88212904D6EF8A212904D5EF88212A04D5EF88212A04D6EF88212B04D6EF8A212A04D5EF8A212A04D5EF8A212A04D6EF8A212A04D5EF8A212A04D5EF8A212A04D5EF8B212A04D6EF8B212904D5EF8A212904D5EF8A212904D5EF8B212904D5EF8B212904D5EF8B212904D6EF8B212A04D5EF8B212A04D5EF8B212904D5EF8A212904D5EF8A212A04D5EF8B212A04D5EF8B212904D5EF8B212904D5EF8B212904D5EF8B212A04D5EF8A212A04D5EF8A212904D5EF8B212A04D5EF8B212A04D5EF8B212A04D5EF8B212A04D6EF8A212A04D6EF8A212A04D5EF8A212A04D5EF8A212A04D6EF88212A04D6EF88212A04D5EF8A212904D5EF8A212A04D5EF88212A04D5EF8A212A04D6EF8A212A04D6EF8A212A04D6EF8A212B04D6EF8A212B04D5EF8A212A04D5EF8A212A04D6EF88212A04D5EF88212B04D5EF88212B04D6EF88212B04D5EF88212A04D5EF88,,,
2016-06-21T06:04:35Z,123,123,212A04D5EF88212A04D5EF88212A04D6EF88212A04D6EF88212A04D6EF87212A04D6EF87212B04D6EF88212A04D6EF88212A04D6EF87212A04D6EF87212A04D6EF87212A04D6EF87212B04D6EF87212A04D6EF87212A04D6EF87212A04D5EF87212A04D5EF87212B04D6EF87212B04D6EF87212A04D6EF87212A04D6EF88212B04D6EF88212B04D5EF87212A04D5EF87212904D5EF88212A04D5EF88212A04D6EF88212B04D6EF88212A04D6EF88212904D5EF88212904D5EF8A212B04D5EF8A212B04D5EF8A212A04D5EF8A212A04D6EF88212A04D6EF88212A04D6EF8A212A04D5EF8A212A04D5EF8A212A04D5EF8A212A04D6EF8A212A04D6EF8A212A04D6EF8A212A04D6EF8A212A04D5EF8A212A04D5EF8A212904D6EF8A212904D6EF8A212904D5EF8B212904D5EF8B212904D5EF8B212904D5EF8A212904D5EF8A212A04D5EF8B212A04D5EF8B212A04D5EF8B212A04D5EF8B212904D5EF8B212904D4EF8B212A04D4EF8B212A04D5EF8A212A04D6EF8B212A04D5EF8B212A04D5EF8B212A04D5EF8A212904D5EF8A212904D5EF8B212904D5EF8B212A04D6EF8A212A04D6EF8A212904D5EF8A212A04D5EF8A212A04D5EF8A212A04D5EF8A212A04D5EF8A212A04D5EF8A212A04D5EF8A212A04D5EF8A212A04D5EF8A212A04D5EF88212A04D6EF88212904D6EF8A212A04D5EF88212A04D5EF88212A04D5EF88212A04D5EF88212A04D5EF88212A04D6EF88212B04D6EF88212B04D5EF88212A04D5EF88212A04D6EF88212A04D6EF88212A04D6EF88212A04D6EF87212A04D6EF87212A04D6EF87212A04D6EF87212B04D6EF88212B04D6EF88212A04D5EF87212A04D5EF87212A04D5EF88212A04D5EF88212A04D6EF88212A04D6EF87212A04D6EF87212A04D6EF88212A04D6EF88212A04D6EF88212A04D6EF88212A04D6EF88212A04D6EF88212A04D6EF88212A04D6EF8A212A04D6EF8A212A04D6EF8A212A04D6EF88212B04D6EF88212A04D5EF88212A04D5EF8A212A04D5EF8A212A04D6EF8A,,,
2016-06-21T06:04:36Z,123,123,212B04D6EF8A212B04D5EF8A212A04D5EF8A212904D5EF8A212A04D5EF8A212B04D6EF8A212A04D5EF8A212904D5EF8B212A04D5EF8A212A04D6EF8A212A04D6EF8A212904D6EF8A212A04D5EF8A212A04D5EF8A212A04D6EF8A212A04D5EF8A212B04D5EF8B212A04D5EF8B212904D5EF8B212904D5EF8B212904D5EF8B212904D5EF8B212904D5EF8B212904D5EF8B212904D5EF8B212A04D5EF8B212904D5EF8B212A04D6EF8A212A04D5EF8A212A04D5EF8A212A04D6EF8B212A04D6EF8B212A04D5EF8A212A04D5EF8A212A04D5EF88212A04D6EF88212A04D6EF8A212A04D6EF8A212B04D6EF8A212A04D5EF8A212A04D5EF8A212A04D6EF88212A04D5EF88212A04D5EF88212A04D6EF88212A04D5EF88212A04D5EF88212A04D6EF88212A04D6EF88212A04D6EF88212A04D6EF88212A04D6EF88212A04D6EF88212A04D6EF88212A04D6EF88212A04D6EF88212B04D6EF88212B04D5EF88212A04D5EF87212A04D6EF87212B04D6EF87212B04D6EF87212A04D6EF88212904D5EF88212A04D6EF87212A04D6EF88212A04D6EF88212A04D6EF87212A04D6EF87212A04D6EF87212A04D6EF87212A04D5EF87212A04D5EF87212A04D5EF88212A04D5EF88212B04D5EF88212A04D6EF88212A04D6EF88212A04D6EF88212A04D6EF88212A04D6EF88212A04D6EF88212B04D6EF88212B04D6EF88212A04D6EF88212A04D6EF8A212B04D6EF88212B04D6EF88212A04D5EF88212A04D5EF8A212A04D6EF8A212B04D6EF8A212B04D5EF88212A04D5EF8A212904D6EF8A212904D5EF8A212904D5EF8A212904D5EF8A212904D5EF8A212904D4EF8A212A04D4EF8A212A04D5EF8A212904D5EF8A212904D6EF8A212904D6EF8A212A04D5EF8A212A04D5EF8A212A04D5EF8B212904D5EF8B212904D5EF8B212904D5EF8B212904D5EF8B212904D5EF8B212904D5EF8A212A04D5EF8B212A04D5EF8B212904D5EF8A212904D5EF8A212A04D5EF8A212A04D5EF8A212A04D5EF8A212A04D5EF8A212A04D5EF8A,,,
2016-06-21T06:04:37Z,123,123,212A04D5EF8A212904D5EF8A212A04D6EF8A212A04D6EF8A212A04D5EF8A212904D5EF8A212904D5EF8A212904D5EF8A212904D4EF8A212A04D5EF8A212A04D5EF88212A04D5EF88212A04D6EF88212A04D6EF8A212A04D6EF8A212A04D6EF8A212B04D6EF88212A04D6EF88212A04D6EF88212A04D6EF87212A04D6EF87212A04D6EF88212A04D5EF88212A04D5EF88212A04D5EF87212A04D5EF87212A04D6EF87212A04D6EF87212A04D6EF87212A04D6EF87212A04D6EF87212B04D6EF87212A04D6EF87212A04D6EF87212B04D5EF87212B04D5EF88212B04D6EF87212A04D5EF87212A04D5EF87212B04D6EF87212A04D6EF88212A04D6EF88212B04D5EF88212A04D5EF88212A04D6EF88212A04D6EF88212A04D6EF88212A04D6EF88212A04D6EF88212904D5EF88212904D5EF88212A04D6EF8A212A04D5EF8A212904D5EF8A212A04D5EF8A212A04D5EF8A212A04D6EF8A212A04D5EF8A212904D5EF8A212A04D6EF8A212A04D5EF8A212A04D5EF8B212A04D5EF8A212A04D5EF8A212904D5EF8B212904D6EF8A212904D5EF8A212904D5EF8B212904D5EF8B212904D5EF8B212904D5EF8A212A04D5EF8A212A04D5EF8B212A04D5EF8B212A04D5EF8B212904D5EF8B212904D5EF8B212904D5EF8A212904D5EF8A212A04D5EF8B212A04D6EF8B212A04D6EF8B212A04D5EF8B212904D5EF8A212904D5EF8A212904D5EF8A212904D5EF8A212904D5EF8A212904D5EF8A212904D5EF8A212904D5EF8A212A04D5EF8A212A04D5EF8A212A04D5EF8A212A04D5EF8A212A04D5EF88212A04D5EF88212B04D5EF88212A04D5EF88212904D5EF88212904D5EF88212A04D5EF88212A04D6EF88212B04D6EF88212B04D5EF88212A04D6EF88212A04D6EF88212B04D6EF87212A04D6EF88212A04D6EF88212A04D5EF88212A04D5EF88212A04D6EF88212A04D6EF88212A04D6EF87212A04D6EF87212A04D6EF87212A04D6EF87212A04D6EF87212A04D6EF87212A04D6EF87212A04D6EF87212A04D6EF88,,,
2016-06-21T06:04:38Z,123,123,212A04D6EF88212B04D6EF88212A04D6EF88212A04D6EF87212A04D5EF87212A04D5EF88212904D5EF88212A04D5EF88212A04D6EF88212A04D6EF88212A04D5EF88212A04D5EF88212A04D6EF88212A04D6EF8A212A04D6EF8A212A04D6EF8A212A04D6EF8A212A04D6EF8A212A04D6EF8A212A04D6EF8A212A04D6EF8A212A04D6EF8A212B04D5EF8A212A04D5EF8A212A04D6EF8A212A04D5EF8A212A04D5EF8A212A04D5EF8A212A04D5EF8A212A04D5EF8A212A04D5EF8B212A04D5EF8B212A04D6EF8B212904D5EF8B212904D5EF8B212904D5EF8B212904D5EF8B212A04D5EF8B212A04D5EF8B212904D5EF8B212A04D5EF8B212A04D5EF8B212904D5EF8B212904D5EF8B212A04D5EF8B212A04D5EF8B212904D6EF8A212A04D6EF8A212A04D5EF8B212A04D5EF8B212A04D5EF8A212904D5EF8A212904D5EF8A212A04D5EF8A212A04D5EF8A212A04D6EF8A212B04D6EF8A212B04D5EF8A212A04D5EF88212A04D5EF88212B04D6EF88212B04D6EF88212A04D6EF88212904D6EF88212A04D6EF8A212A04D6EF8A212A04D6EF88212A04D6EF87212A04D6EF87212A04D6EF88212A04D6EF88212A04D6EF88212B04D5EF88212B04D5EF88212A04D6EF88212A04D5EF87212A04D5EF87212A04D6EF87212B04D6EF87212B04D6EF87212B04D6EF87212B04D6EF87212A04D6EF87212A04D6EF87212B04D6EF87212B04D6EF87212B04D6EF87212B04D6EF87212A04D6EF87212A04D6EF87212A04D6EF87212A04D6EF88212A04D6EF88212A04D6EF88212A04D6EF88212B04D6EF88212B04D6EF88212A04D6EF88212A04D6EF88212A04D6EF88212A04D6EF88212B04D6EF8A212A04D6EF8A212A04D6EF8A212A04D6EF8A212A04D6EF8A212A04D6EF8A212A04D5EF8A212A04D5EF8A212A04D5EF8A212B04D5EF8A212A04D6EF8A212A04D5EF8A212A04D5EF8A212A04D5EF8A212A04D5EF8A212904D5EF8B212904D5EF8A212A04D5EF8A212904D5EF8B212904D5EF8A212904D5EF8A212904D5EF8B,,,
2016-06-21T06:04:39Z,123,123,212A04D5EF8B212A04D5EF8B212A04D5EF8B212A04D5EF8B212A04D5EF8B212904D5EF8A212904D5EF8A212904D5EF8B212904D5EF8B212A04D6EF8B212A04D6EF8B212A04D5EF8A212904D5EF8A212A04D6EF8B212A04D6EF8A212A04D6EF8A212A04D5EF8A212A04D5EF8A212A04D5EF8A212A04D6EF8A212A04D5EF8A212A04D5EF8A212A04D5EF8A212A04D5EF8A212A04D5EF8A212904D5EF8A212A04D5EF8A212B04D5EF8A212B04D6EF88212A04D6EF88212A04D5EF88212A04D5EF88212A04D5EF88212A04D6EF88212A04D6EF88212A04D6EF88212A04D6EF88212A04D6EF88212A04D6EF87212A04D6EF87212A04D6EF87212A04D6EF87212A04D6EF88212B04D6EF88212B04D6EF88212B04D6EF87212A04D6EF87212A04D6EF88212B04D6EF87212A04D6EF87212A04D6EF88212B04D6EF88212B04D6EF87212A04D6EF87212A04D6EF87212B04D5EF87212B04D5EF88212A04D6EF88212A04D6EF88212A04D6EF88212A04D6EF88212A04D5EF88212A04D5EF8A212A04D5EF88212A04D5EF88212A04D6EF88212904D5EF8A212A04D5EF8A212A04D6EF8A212A04D5EF8A212A04D5EF8A212A04D5EF88212A04D6EF88212A04D5EF8A212A04D5EF8A212A04D6EF8A212A04D5EF8A212A04D5EF8A212A04D5EF8A212A04D5EF8A212904D6EF8A212904D6EF8A212904D6EF8A212904D6EF8A212904D5EF8A212904D5EF8B212A04D5EF8B212A04D6EF8B212A04D5EF8B212A04D5EF8A212904D5EF8B212A04D5EF8B212A04D5EF8A212A04D5EF8B212A04D5EF8B212904D5EF8B212904D5EF8A212904D5EF8A212A04D6EF8A212A04D6EF8A212A04D6EF8A212A04D6EF8A212A04D5EF8A212A04D5EF8A212A04D5EF8A212A04D6EF8A212A04D6EF88212A04D6EF88212A04D5EF88212A04D5EF88212A04D5EF8A212A04D5EF8A212A04D6EF88212A04D6EF88212A04D6EF88212A04D6EF8A212A04D6EF88212A04D6EF88212A04D6EF88212A04D5EF88212A04D5EF88212B04D5EF88212A04D5EF87,,,
2016-06-21T06:04:40Z,123,123,212A04D6EF88212A04D6EF88212A04D6EF87212B04D6EF88212A04D5EF88212A04D6EF87212B04D6EF87212B04D5EF87212A04D5EF87212B04D6EF87212B04D6EF87212B04D6EF87212A04D6EF87212A04D6EF87212A04D5EF87212B04D5EF88212B04D5EF88212B04D5EF88212B04D6EF88212B04D5EF88212A04D5EF88212A04D6EF88212A04D6EF88212B04D6EF87212A04D6EF88212B04D5EF8A212B04D5EF8A212A04D5EF88212B04D5EF88212B04D6EF88212A04D5EF88212A04D5EF8A212A04D5EF8A212A04D6EF8A212A04D6EF8A212904D6EF8A212904D6EF8A212A04D6EF8A212A04D6EF8A212904D5EF8A212A04D5EF8A212A04D5EF8A212A04D5EF8B212A04D6EF8A212A04D5EF8A212A04D5EF8B212A04D5EF8B212A04D5EF8B212904D5EF8B212904D5EF8B212A04D5EF8B212A04D5EF8B212904D5EF8B212904D5EF8B212A04D5EF8B212A04D5EF8B212A04D5EF8A212B04D5EF8A212A04D5EF8A212A04D5EF8B212A04D5EF8A212A04D5EF8A212904D5EF8B212904D5EF8A212A04D5EF8A212A04D5EF88212A04D5EF8A212A04D5EF8A212A04D5EF8A212A04D6EF88212A04D6EF8A212A04D6EF8A212A04D6EF8A212A04D6EF8A212A04D6EF8A212A04D5EF8A212A04D5EF88212B04D5EF88212B04D5EF88212B04D6EF88212A04D5EF88212A04D5EF88212A04D5EF88212A04D6EF88212A04D6EF88212A04D6EF88212A04D6EF87212A04D6EF87212B04D6EF87212B04D6EF87212B04D6EF87212B04D6EF87212A04D6EF87212A04D6EF87212A04D6EF87212A04D6EF87212B04D6EF87212B04D6EF87212B04D6EF87212B04D6EF87212A04D6EF87212A04D6EF87212B04D6EF87212A04D5EF87212A04D5EF88212B04D6EF88212A04D6EF88212A04D5EF88212A04D5EF88212B04D6EF88212A04D6EF88212A04D5EF88212A04D5EF88212A04D5EF8A212A04D5EF8A212A04D5EF8A212A04D5EF8A212A04D5EF8A212A04D5EF88212B04D5EF88212A04D6EF8A212A04D5EF8A212A04D5EF8A,,,
2016-06-21T06:04:41Z,123,123,212904D6EF8A212904D5EF8A212904D5EF8B212A04D5EF8A212A04D5EF8A212A04D5EF8A212A04D5EF8A212904D5EF8B212904D5EF8B212904D5EF8B212904D5EF8B212904D5EF8B212904D5EF8B212904D5EF8B212904D5EF8B212A04D5EF8B212A04D5EF8A212A04D5EF8A212A04D5EF8B212904D5EF8B212904D5EF8B212904D5EF8A212904D5EF8A212A04D5EF8A212A04D5EF8A212A04D5EF8A212A04D5EF8A212A04D5EF8A212A04D5EF88212904D5EF88212904D6EF88212A04D6EF88212A04D5EF88212A04D5EF88212A04D6EF88212A04D6EF88212A04D5EF88212A04D5EF88212A04D5EF88212A04D5EF88212A04D5EF88212A04D5EF88212A04D5EF88212A04D5EF88212A04D6EF88212A04D6EF88212A04D6EF87212B04D6EF87212B04D6EF87212B04D6EF87212B04D6EF87212A04D6EF87212A04D6EF86212B04D6EF87212B04D6EF87212B04D6EF87212A04D6EF87212A04D6EF87212B04D6EF87212A04D6EF88212A04D6EF87212B04D6EF88212A04D6EF88212A04D5EF87212B04D5EF88212A04D6EF88212A04D6EF88212A04D5EF88212A04D5EF88212A04D6EF88212904D5EF88212A04D5EF88212A04D5EF8A212904D5EF8A212A04D5EF88212A04D5EF88212A04D5EF88212A04D5EF88212A04D5EF8A212A04D6EF8A212A04D5EF8A212A04D5EF8A212A04D5EF8A212A04D5EF8A212A04D6EF8A212A04D6EF8A212A04D6EF8A212A04D6EF8A212A04D5EF8B212A04D5EF8B212A04D5EF8B212A04D6EF8B212A04D6EF8B212904D5EF8B212A04D5EF8B212A04D5EF8A212A04D5EF8A212A04D5EF8B212A04D5EF8B212904D5EF8B212904D5EF8B212A04D5EF8B212A04D6EF8B212A04D6EF8B212904D5EF8B212A04D5EF8A212A04D5EF8A212A04D5EF8A212A04D5EF8A212A04D5EF8A212904D5EF8A212904D5EF8A212A04D5EF8A212A04D5EF8A212904D6EF8A212A04D6EF88212A04D6EF88212A04D6EF88212A04D6EF88212904D6EF88212A04D6EF88212B04D6EF8A212A04D5EF88,,,
2016-06-21T06:04:42Z,123,123,212904D6EF88212A04D6EF88212A04D5EF88212A04D6EF88212A04D6EF88212A04D6EF87212A04D6EF87212A04D6EF87212A04D6EF88212B04D5EF87212A04D5EF87212A04D5EF87212A04D6EF87212A04D6EF87212A04D6EF87212A04D6EF87212B04D6EF87212A04D6EF87212A04D5EF87212A04D6EF88212A04D6EF88212A04D6EF88212A04D6EF88212A04D6EF88212A04D6EF88212A04D6EF88212A04D6EF88212A04D5EF88212A04D5EF8A212B04D6EF8A212A04D5EF8A212A04D5EF8A212A04D6EF8A212A04D5EF8A212A04D5EF8A212A04D5EF88212A04D6EF88212A04D6EF88212A04D6EF88212A04D5EF8A212A04D5EF8A212A04D5EF8A212A04D5EF8A212A04D5EF8A212A04D5EF8B212A04D5EF8A212904D5EF8A212904D5EF8B212904D5EF8B212A04D5EF8B212A04D5EF8B212A04D5EF8B212904D5EF8B212904D5EF8B212904D5EF8A212904D5EF8A212904D5EF8B212904D5EF8B212904D5EF8A212904D5EF8A212904D5EF8A212904D5EF8A212A04D5EF8A212A04D5EF8A212A04D5EF8A212A04D5EF8A212A04D5EF8B212904D5EF8A212904D5EF8A212904D6EF8A212A04D6EF8A212A04D5EF8A212A04D5EF8A212A04D5EF8A212A04D5EF8A212B04D6EF88212A04D6EF88212A04D6EF88212A04D6EF88212A04D5EF88212B04D5EF88212B04D5EF88212A04D6EF88212A04D6EF87212A04D6EF87212A04D5EF87212904D5EF87212A04D6EF87212B04D6EF87212B04D6EF87212B04D6EF87212B04D6EF87212A04D6EF86212A04D5EF87212B04D6EF87212B04D6EF87212B04D6EF87212B04D6EF87212A04D6EF87212A04D5EF88212B04D5EF88212A04D5EF88212A04D5EF88212B04D6EF88212A04D6EF88212A04D5EF88212B04D5EF88212B04D6EF88212B04D6EF88212B04D5EF88212A04D5EF88212A04D5EF88212A04D5EF88212A04D5EF88212A04D5EF88212A04D5EF8A212A04D5EF8A212904D5EF8A212904D5EF8B212A04D5EF8A212A04D6EF8A212A04D5EF8A212A04D5EF8A,,,
2016-06-21T06:04:43Z,123,123,212A04D5EF8B212A04D5EF8B212A04D5EF8B212A04D5EF8B212A04D6EF8B212A04D5EF8B212904D5EF8B212904D5EF8B212904D5EF8B212A04D5EF8B212A04D5EF8B212904D5EF8B212904D5EF8B212A04D6EF8B212A04D5EF8B212A04D5EF8B212A04D5EF8B212A04D5EF8B212A04D5EF8A212904D5EF8A212904D5EF8A212A04D5EF8A212A04D6EF8A212A04D5EF8A212904D5EF8A212A04D5EF8A212A04D5EF8A212A04D5EF8A212A04D5EF8A212A04D5EF88212A04D5EF88212A04D6EF88212A04D5EF88212A04D5EF88212A04D5EF88212A04D6EF88212A04D6EF88212A04D6EF88212A04D6EF88212A04D6EF88212A04D6EF88212B04D6EF88212B04D6EF88212A04D6EF88212A04D6EF87212A04D6EF87212A04D6EF87212A04D6EF87212A04D6EF87212A04D6EF87212A04D5EF87212A04D5EF87212B04D6EF88212A04D6EF88212A04D6EF87212A04D6EF87212A04D6EF87212A04D6EF87212A04D6EF87212A04D6EF87212A04D6EF88212A04D5EF88212904D5EF88212904D6EF88212A04D5EF88212A04D5EF88212A04D6EF88212A04D6EF8A212A04D5EF88212A04D5EF88212A04D6EF8A212A04D6EF8A212B04D5EF8A212A04D5EF8A212A04D6EF88212A04D5EF88212B04D5EF88212A04D5EF8A212A04D5EF8A212A04D6EF8A212A04D6EF8A212A04D6EF8A212A04D6EF8B212A04D5EF8B212904D5EF8B212904D5EF8B212904D5EF8B212904D5EF8A212904D5EF8A212A04D5EF8B212A04D5EF8B212A04D5EF8A212A04D5EF8A212904D5EF8B212904D5EF8B212904D5EF8B212904D5EF8A212904D5EF8A212A04D6EF8A212A04D6EF8B212A04D5EF8A212A04D5EF8A212A04D6EF8A212A04D5EF8A212A04D5EF8A212B04D5EF8A212B04D5EF88212A04D5EF88212A04D5EF8A212A04D6EF8A212B04D5EF8A212A04D5EF8A212A04D6EF8A212B04D5EF88212B04D5EF88212B04D6EF88212B04D6EF88212B04D6EF88212A04D6EF88212B04D5EF88212B04D5EF88212A04D6EF88212A04D6EF87,,,
2016-06-21T06:04:44Z,123,123,212A04D6EF87212A04D6EF87212B04D6EF88212B04D6EF88212A04D6EF87212A04D6EF87212B04D6EF87212B04D6EF87212A04D6EF87212A04D6EF87212B04D6EF87212B04D6EF87212A04D6EF87212A04D6EF87212B04D6EF87212B04D6EF87212B04D6EF88212A04D6EF88212A04D6EF88212B04D6EF88212A04D6EF88212A04D5EF88212A04D5EF88212A04D6EF88212A04D5EF88212A04D5EF88212A04D6EF88212A04D6EF88212A04D5EF88212A04D5EF88212A04D5EF8A212A04D5EF8A212A04D6EF8A212A04D6EF8A212A04D5EF8A212904D5EF8A212904D5EF8A212904D5EF88212A04D6EF8A212904D5EF8B212A04D5EF8A212A04D5EF8A212A04D5EF8A212A04D6EF8A212904D5EF8A212904D5EF8B212A04D6EF8B212A04D6EF8B212A04D5EF8B212A04D5EF8B212904D5EF8B212904D5EF8B212A04D5EF8B212A04D5EF8B212A04D6EF8B212A04D5EF8B212A04D5EF8A212A04D5EF8A212A04D6EF8A212A04D6EF8A212904D6EF8A212A04D5EF8A212A04D5EF8A212A04D5EF88212A04D5EF8A212A04D5EF8A212A04D5EF88212A04D6EF8A212A04D6EF8A212A04D6EF88212A04D6EF88212A04D6EF88212A04D5EF88212A04D5EF88212A04D6EF88212A04D6EF88212A04D6EF88212A04D6EF88212A04D6EF88212B04D6EF87212B04D6EF87212B04D6EF87212B04D6EF87212B04D6EF87212B04D6EF87212B04D6EF87212B04D6EF87212B04D6EF87212B04D6EF87212A04D6EF87212A04D6EF87212B04D6EF87212B04D6EF87212B04D6EF87212B04D6EF87212B04D6EF87212B04D6EF87212B04D5EF88212A04D6EF88212A04D6EF88212A04D6EF88212A04D6EF88212A04D6EF88212A04D5EF88212904D5EF88212904D5EF88212A04D6EF8A212A04D5EF88212A04D5EF88212A04D5EF88212A04D5EF88212A04D5EF8A212904D5EF8A212904D5EF8A212A04D6EF8A212A04D5EF8A212A04D5EF8A212A04D5EF8A212A04D5EF8A212904D5EF8A212904D5EF8A212A04D5EF8A212A04D5EF8B,,,
2016-06-21T06:04:45Z,123,123,212A04D5EF8B212A04D5EF8B212A04D5EF8B212A04D5EF8B212A04D5EF8B212A04D5EF8B212A04D5EF8A212A04D5EF8B212A04D5EF8B212904D5EF8B212A04D5EF8B212A04D5EF8B212A04D5EF8B212A04D5EF8B212A04D5EF8A212A04D6EF8A212A04D5EF8A212A04D5EF8A212904D6EF8A212904D5EF8A212904D5EF8A212A04D5EF8A212A04D5EF88212A04D6EF88212B04D6EF88212A04D6EF88212A04D6EF88212A04D6EF88212A04D6EF88212A04D6EF88212A04D6EF88212A04D6EF88212A04D6EF88212A04D6EF88212A04D6EF88212A04D6EF88212A04D6EF87212A04D6EF88212A04D6EF88212B04D6EF88212B04D6EF87212A04D6EF87212A04D6EF87212A04D6EF87212A04D6EF87212A04D6EF87212A04D6EF87212A04D6EF87212A04D6EF87212B04D6EF87212B04D6EF87212A04D6EF88212A04D6EF87212B04D6EF87212A04D6EF87212A04D5EF87212A04D5EF88212A04D5EF88212A04D5EF88212A04D6EF88212904D6EF88212904D6EF88212A04D6EF88212A04D5EF88212A04D5EF88212A04D6EF88212A04D6EF88212904D6EF88212904D5EF8A212904D5EF8A212904D5EF8A212A04D5EF8A212A04D6EF8A212A04D5EF8A212904D5EF8A212A04D6EF8A212B04D6EF8A212A04D6EF8A212904D6EF8A212904D6EF8A212A04D6EF8B212A04D5EF8B212A04D5EF8B212A04D5EF8B212904D5EF8B212904D5EF8A212904D5EF8A212A04D5EF8A212A04D5EF8A212904D6EF8A212904D6EF8B212904D5EF8B212904D5EF8B212904D5EF8B212A04D5EF8A212B04D6EF8A212B04D6EF8A212A04D5EF8A212A04D5EF8A212B04D5EF8A212B04D5EF8A212904D5EF8A212904D5EF8A212A04D5EF8A212A04D5EF88212A04D5EF88212A04D6EF8A212A04D6EF88212A04D6EF88212A04D5EF8A212A04D5EF88212A04D6EF88212A04D6EF88212A04D6EF88212A04D6EF88212A04D6EF88212A04D6EF88212A04D6EF88212A04D6EF87212A04D6EF87212A04D5EF87212A04D5EF87212A04D6EF87,,,
2016-06-21T06:04:46Z,123,123,212A04D6EF87212A04D6EF87212B04D6EF87212B04D6EF87212A04D6EF87212A04D5EF87212A04D5EF87212A04D6EF87212A04D6EF87212A04D5EF88212B04D5EF88212B04D5EF87212A04D6EF87212904D5EF88212A04D5EF88212A04D6EF8A212A04D6EF8A212A04D6EF8A212A04D6EF88212A04D6EF88212904D6EF88212904D5EF88212A04D5EF8A212A04D6EF8A212A04D6EF8A212A04D5EF8A212A04D5EF88212A04D6EF88212B04D6EF8A212B04D6EF8A212A04D6EF8A212904D5EF8A212904D5EF8A212904D6EF8A212A04D5EF8A212A04D5EF8A212A04D5EF8B212A04D5EF8A212904D5EF8A212904D5EF8B212904D6EF8B212A04D6EF8B212A04D5EF8B212A04D5EF8B212904D5EF8B212A04D5EF8A212A04D5EF8A212A04D5EF8B212A04D5EF8B212A04D5EF8B212B04D5EF8B212A04D5EF8B212A04D5EF8B212A04D5EF8A212904D5EF8A212A04D6EF8A212A04D6EF8A212A04D5EF8A212A04D5EF8A212A04D5EF8A212A04D5EF8A212A04D6EF8A212A04D6EF8A212A04D5EF8A212A04D6EF88212A04D6EF88212A04D6EF88212A04D6EF88212A04D6EF88212B04D6EF88212A04D6EF88212A04D6EF88212A04D6EF88212A04D6EF88212A04D6EF88212A04D6EF88212A04D6EF87212A04D6EF87212A04D6EF87212B04D6EF88212B04D6EF88212A04D5EF87212A04D5EF87212A04D5EF87212A04D5EF87212B04D6EF88212A04D6EF88212A04D6EF88212B04D6EF88212A04D6EF87212A04D6EF88212A04D5EF88212A04D5EF88212A04D6EF88212A04D6EF8A212A04D6EF88212A04D6EF88212A04D6EF88212904D5EF88212904D5EF88212A04D5EF88212A04D5EF88212A04D6EF88212A04D6EF8A212A04D5EF8A212904D5EF8A212A04D5EF88212B04D5EF88212B04D5EF8A212A04D5EF8A212A04D5EF8A212A04D5EF8A212A04D6EF8A212A04D6EF8A212A04D5EF8A212904D5EF8A212A04D5EF8B212904D5EF8B212A04D5EF8B212A04D5EF8B212A04D6EF8B212A04D5EF8B212904D5EF8B,,,
2016-06-21T06:04:47Z,123,123,212904D6EF8B212A04D5EF8B212A04D5EF8B212904D5EF8B212A04D6EF8B212A04D6EF8A212A04D6EF8A212A04D6EF8A212A04D5EF8A212A04D5EF8A212A04D5EF8A212A04D5EF8A212A04D5EF8A212A04D5EF88212A04D6EF88212A04D6EF8A212904D6EF8A212A04D6EF8A212A04D6EF88212A04D6EF88212A04D5EF8A212A04D5EF88212A04D5EF88212A04D5EF88212A04D6EF88212A04D6EF88212A04D6EF88212A04D6EF88212A04D6EF87212A04D6EF87212A04D5EF88212B04D5EF87212B04D6EF87212A04D6EF87212A04D6EF87212A04D5EF87212B04D6EF86212A04D6EF87212A04D6EF87212A04D6EF87212A04D6EF87212A04D6EF87212A04D5EF88212B04D5EF88212B04D6EF87212B04D6EF87212B04D6EF87212B04D6EF87212A04D6EF88212A04D6EF88212A04D5EF8A212A04D5EF8A212B04D6EF88212A04D6EF88212A04D6EF88212A04D5EF88212B04D5EF88212A04D6EF88212A04D6EF88212B04D5EF88212B04D5EF8A212B04D5EF8A212B04D6EF88212A04D6EF88212A04D5EF8A212A04D5EF8A212A04D5EF8A212A04D5EF8A212A04D5EF8A212A04D5EF8A212A04D5EF8A212A04D5EF8B212A04D5EF8A212904D5EF8A212904D5EF8B212A04D6EF8B212A04D5EF8B212904D5EF8B212904D5EF8B212A04D5EF8B212A04D5EF8B212A04D5EF8B212A04D5EF8B212904D5EF8B212A04D5EF8A212A04D5EF8A212904D5EF8A212904D5EF8A212A04D6EF8A212A04D6EF8A212A04D5EF8A212A04D5EF8A212A04D5EF8A212A04D5EF8A212A04D5EF8A212A04D5EF8A212A04D6EF88212A04D6EF88212A04D5EF88212A04D5EF88212A04D6EF8A212B04D6EF8A212B04D5EF88212A04D5EF88212A04D6EF88212A04D6EF88212A04D6EF88212A04D6EF88212B04D6EF88212A04D6EF87212A04D6EF88212A04D6EF88212A04D6EF87212B04D6EF87212B04D6EF86212A04D6EF87212904D6EF87212B04D6EF87212B04D6EF87212A04D6EF87212A04D6EF87212B04D6EF87212B04D6EF87,,,
2016-06-21T06:04:48Z,123,123,212B04D5EF87212A04D5EF87212A04D6EF87212A04D6EF88212A04D5EF88212A04D5EF88212A04D6EF88212A04D5EF88212A04D5EF8A212A04D6EF88212A04D6EF88212A04D5EF88212904D5EF88212A04D6EF88212A04D6EF8A212904D5EF8A212904D5EF8A212A04D6EF8A212A04D6EF88212A04D6EF88212A04D6EF8A212A04D5EF8A212A04D5EF8B212A04D5EF8B212A04D6EF8A212A04D6EF8A212A04D5EF8A212A04D5EF8B212A04D6EF8B212A04D5EF8B212904D5EF8B212904D5EF8B212904D5EF8B212904D5EF8B212904D5EF8B212904D5EF8B212904D4EF8B212A04D5EF8B212A04D5EF8A212A04D6EF8A212A04D5EF8A212A04D5EF8A212904D6EF8A212904D6EF8A212A04D6EF8A212B04D6EF8A212A04D6EF8A212A04D5EF8A212B04D5EF8A212B04D6EF88212A04D6EF88212A04D6EF88212B04D6EF88212B04D5EF8A212A04D5EF88212A04D5EF88212A04D5EF88212904D5EF88212A04D5EF88212B04D5EF8A212A04D5EF8A212A04D6EF88212B04D6EF88212B04D5EF88212A04D5EF88212A04D6EF87212B04D6EF87212B04D6EF87212B04D6EF88212B04D5EF88212B04D5EF87212B04D6EF87212B04D6EF87212A04D6EF88212A04D5EF88212A04D5EF87212A04D5EF87212B04D6EF87212B04D6EF87212B04D6EF88212A04D6EF88212A04D6EF88212B04D6EF88212B04D6EF88212A04D6EF88212A04D5EF88212A04D5EF88212A04D5EF88212A04D5EF8A212A04D6EF88212A04D6EF88212A04D5EF88212A04D5EF88212A04D5EF88212A04D6EF8A212A04D6EF8A212A04D6EF8A212A04D5EF8A212A04D5EF8A212904D5EF8B212A04D5EF8A212A04D5EF8A212A04D5EF8A212A04D5EF8A212A04D5EF8B212A04D5EF8B212A04D5EF8B212A04D5EF8B212A04D5EF8B212A04D5EF8B212A04D5EF8B212A04D5EF8B212904D5EF8B212904D5EF8B212904D5EF8B212904D5EF8B212A04D5EF8B212A04D5EF8B212904D5EF8B212904D5EF8B212904D5EF8B212A04D5EF8B212A04D5EF8A,,,
2016-06-21T06:04:49Z,123,123,212A04D5EF8A212A04D6EF8A212A04D5EF8A212A04D5EF8A212A04D5EF8A212A04D5EF8A212A04D6EF8A212A04D6EF88212A04D5EF8A212A04D5EF8A212A04D6EF88212A04D6EF8A212A04D6EF8A212A04D6EF88212A04D5EF88212A04D5EF88212A04D5EF88212A04D5EF88212A04D5EF88212A04D6EF88212A04D5EF88212B04D5EF88212B04D6EF87212A04D6EF87212A04D6EF87212B04D6EF87212B04D6EF87212A04D6EF87212A04D6EF87212A04D6EF87212A04D6EF87212B04D6EF87212A04D6EF87212A04D6EF87212A04D6EF87212B04D6EF87212B04D6EF88212A04D6EF88212A04D5EF87212A04D5EF87212B04D6EF88212A04D6EF88212A04D6EF87212A04D6EF87212A04D6EF88212B04D6EF88212B04D5EF88212B04D5EF8A212B04D6EF88212B04D6EF88212B04D6EF88212B04D6EF88212B04D6EF8A212A04D6EF8A212904D5EF8A212A04D5EF8A212A04D6EF8A212A04D6EF8A212A04D6EF8A212A04D5EF8A212A04D5EF8A212A04D5EF8A212A04D6EF8A212A04D6EF8A212A04D6EF8A212A04D6EF8A212A04D5EF8A212904D5EF8A212904D5EF8A212A04D5EF8B212A04D5EF8B212A04D5EF8B212904D5EF8B212904D5EF8A212904D5EF8A212A04D5EF8B212A04D5EF8B212A04D5EF8A212A04D6EF8A212A04D5EF8A212A04D5EF8A212904D5EF8A212A04D5EF8A212A04D6EF8A212A04D5EF8A212A04D5EF8A212A04D5EF8A212A04D5EF8A212A04D5EF8A212904D5EF8A212904D5EF8A212A04D5EF8A212A04D6EF8A212A04D6EF8A212A04D5EF8A212A04D5EF88212A04D5EF88212A04D5EF8A212A04D6EF88212904D6EF88212A04D6EF8A212A04D6EF88212A04D6EF88212A04D6EF88212A04D5EF88212B04D5EF88212B04D5EF87212A04D5EF87212A04D6EF88212A04D6EF88212A04D6EF87212A04D6EF87212A04D6EF87212B04D6EF88212A04D6EF87212A04D6EF87212A04D5EF87212A04D5EF87212B04D6EF86212B04D6EF87212B04D6EF87212B04D6EF87212B04D5EF88,,,
2016-06-21T06:04:50Z,123,123,212A04D5EF88212A04D6EF87212B04D6EF87212B04D5EF88212A04D5EF88212A04D6EF88212B04D6EF88212B04D6EF88212B04D6EF88212A04D5EF88212A04D5EF88212A04D6EF8A212A04D6EF8A212A04D6EF8A212A04D6EF88212A04D6EF88212A04D6EF88212A04D5EF88212A04D5EF8A212904D5EF8A212904D5EF8A212A04D6EF88212B04D6EF88212B04D6EF8A212904D5EF8A212904D5EF8A212A04D5EF8A212904D5EF8A212904D5EF8B212A04D5EF8B212A04D5EF8B212A04D5EF8B212A04D5EF8B212A04D5EF8B212A04D5EF8A212A04D5EF8A212A04D5EF8B212A04D5EF8B212904D5EF8B212904D5EF8B212904D5EF8B212904D5EF8B212904D5EF8A212A04D6EF8A212A04D6EF8A212904D5EF8A212904D5EF8A212904D5EF8A212904D5EF8A212904D5EF8A212A04D5EF8A212A04D5EF8A212A04D5EF8A212A04D5EF8A212A04D5EF8A212A04D6EF8A212A04D6EF8A212A04D5EF8A212A04D5EF88212A04D5EF8A212B04D5EF8A212B04D6EF8A212A04D6EF8A212A04D6EF88212A04D6EF88212A04D6EF88212A04D6EF88212A04D6EF88212A04D6EF88212B04D5EF88212A04D5EF88212A04D6EF88212B04D5EF88212B04D5EF87212B04D6EF87212B04D5EF88212B04D5EF87212B04D6EF87212B04D6EF87212B04D6EF87212B04D6EF86212B04D6EF87212A04D6EF87212A04D6EF87212B04D6EF87212A04D5EF87212A04D5EF87212A04D5EF87212A04D5EF87212A04D6EF88212A04D6EF88212A04D5EF88212A04D5EF88212A04D5EF88212B04D5EF88212A04D5EF88212A04D5EF88212A04D5EF88212A04D5EF8A212A04D6EF88212A04D6EF88212A04D6EF88212A04D6EF88212B04D5EF88212A04D5EF88212A04D5EF8A212A04D5EF8A212A04D5EF8A212A04D6EF8A212A04D6EF8A212A04D6EF8A212A04D5EF8A212A04D5EF8A212904D6EF8A212A04D6EF8B212B04D5EF8A212A04D5EF8A212904D5EF8A212A04D5EF8B212B04D5EF8B212A04D5EF8B212904D6EF8A212A04D5EF8A,,,
2016-06-21T06:04:51Z,123,123,212A04D5EF8A212A04D5EF8B212A04D5EF8B212A04D5EF8B212A04D5EF8B212904D5EF8B212904D5EF8B212904D5EF8A212904D5EF8A212A04D5EF8A212A04D5EF8A212A04D5EF8B212A04D5EF8A212A04D5EF8A212A04D5EF8A212A04D5EF8A212B04D5EF8A212A04D5EF8A212A04D5EF88212A04D5EF88212A04D5EF8A212B04D5EF8A212B04D5EF8A212A04D5EF8A212A04D6EF8A212A04D6EF8A212B04D6EF88212A04D5EF88212A04D5EF88212B04D6EF87212B04D6EF88212B04D6EF88212B04D5EF88212A04D5EF88212A04D5EF88212A04D5EF88212A04D5EF88212B04D5EF88212A04D5EF88212A04D5EF88212A04D6EF87212B04D6EF87212B04D6EF87212A04D6EF87212A04D6EF87212A04D5EF87212A04D6EF87212A04D6EF87212A04D6EF87212B04D6EF87212B04D6EF87212B04D6EF87212B04D6EF88212B04D6EF88212B04D5EF88212A04D5EF88212A04D5EF88212A04D6EF88212A04D6EF88212A04D5EF8A212A04D6EF88212A04D6EF88212A04D6EF8A212A04D5EF88212A04D6EF88212A04D6EF88212A04D5EF88212A04D5EF88212A04D5EF8A212A04D5EF8A212A04D6EF8A212A04D6EF8A212A04D5EF8A212A04D5EF8A212904D5EF8A212A04D5EF8A212A04D5EF8A212A04D5EF8B212904D5EF8B212A04D5EF8B212A04D5EF8B212A04D5EF8A212A04D5EF8A212904D5EF8B212904D4EF8B212A04D4EF8B212904D5EF8B212904D5EF8B212904D5EF8B212904D5EF8B212904D5EF8B212904D5EF8A212904D5EF8B212A04D5EF8B212A04D6EF8B212904D6EF8A212A04D5EF8A212B04D5EF8A212B04D5EF8A212A04D5EF8A212A04D6EF8A212B04D6EF8A212B04D6EF8A212A04D6EF8A212A04D5EF8A212A04D5EF8A212A04D5EF8A212A04D5EF88212A04D5EF88212904D5EF8A212A04D5EF8A212A04D5EF88212A04D5EF88212904D6EF88212A04D6EF88212A04D6EF88212A04D5EF88212A04D5EF88212A04D5EF88212A04D5EF88212A04D6EF87212A04D6EF87212A04D5EF87,,,
2016-06-21T06:04:52Z,123,123,212A04D5EF87212A04D6EF87212B04D6EF87212A04D6EF87212A04D6EF87212B04D6EF87212A04D6EF87212A04D5EF87212B04D5EF87212B04D6EF87212A04D6EF87212A04D6EF87212A04D6EF87212A04D5EF87212A04D5EF88212A04D5EF87212A04D5EF87212B04D6EF88212B04D6EF88212A04D6EF88212A04D6EF88212A04D5EF88212904D5EF88212A04D5EF8A212B04D5EF8A212A04D6EF88212A04D5EF88212A04D5EF8A212A04D5EF8A212A04D5EF88212A04D6EF88212A04D6EF88212A04D5EF88212A04D5EF8A212A04D6EF8A212A04D6EF8A212A04D6EF8A212A04D5EF8A212A04D5EF8A212A04D6EF8A212904D6EF8A212904D5EF8A212A04D5EF8A212A04D5EF8B212A04D6EF8B212A04D6EF8B212A04D5EF8B212A04D5EF8B212A04D5EF8B212A04D5EF8B212904D6EF8B212904D6EF8B212A04D6EF8B212904D6EF8A212A04D6EF8A212A04D5EF8B212A04D5EF8B212A04D5EF8B212904D5EF8B212904D6EF8A212904D5EF8A212904D5EF8A212A04D5EF8A212A04D5EF8A212A04D5EF8A212A04D5EF8A212904D5EF8A212A04D5EF8A212A04D5EF8A212A04D6EF88212A04D6EF88212A04D5EF8A212A04D6EF8A212A04D6EF88212A04D6EF88212A04D5EF88212A04D5EF88212A04D6EF88212A04D6EF88212A04D6EF88212A04D6EF88212A04D6EF88212A04D6EF88212A04D6EF87212A04D6EF87212A04D6EF87212B04D6EF87212B04D5EF88212A04D6EF88212A04D6EF87212A04D6EF87212A04D6EF87212A04D5EF87212B04D6EF88212A04D6EF87212A04D5EF87212A04D5EF87212A04D6EF87212B04D6EF87212B04D6EF87212B04D6EF87212B04D6EF88212B04D5EF88212B04D5EF88212A04D6EF88212B04D6EF87212B04D6EF87212B04D5EF88212A04D5EF8A212A04D6EF88212A04D6EF88212B04D6EF8A212B04D6EF8A212B04D6EF88212A04D6EF88212A04D6EF8A212A04D6EF8A212904D5EF8A212A04D6EF8A212A04D5EF8A212A04D5EF8A212A04D5EF8A212904D5EF8A,,,
2016-06-21T06:04:53Z,123,123,212904D6EF8A212A04D5EF8A212904D5EF8A212A04D6EF8A212A04D5EF8A212A04D5EF8B212A04D5EF8B212A04D5EF8B212A04D5EF8B212904D5EF8B212904D5EF8B212904D5EF8B212904D5EF8B212A04D5EF8B212A04D5EF8B212904D6EF8B212904D5EF8B212904D5EF8A212904D5EF8A212904D5EF8A212904D6EF8A212A04D6EF8A212A04D6EF8A212A04D5EF8A212A04D5EF8A212A04D5EF8A212A04D5EF8A212A04D6EF8A212A04D5EF8A212A04D5EF8A212B04D6EF88212A04D6EF88212A04D5EF8A212A04D5EF8A212904D5EF8A212A04D5EF8A212A04D5EF88212A04D5EF88212A04D6EF88212A04D6EF88212A04D5EF88212A04D5EF88212B04D6EF88212B04D6EF88212B04D6EF88212A04D6EF88212A04D6EF88212A04D6EF87212A04D6EF87212B04D6EF87212B04D6EF88212B04D6EF88212B04D6EF87212A04D6EF87212A04D5EF87212B04D5EF87212B04D5EF87212A04D5EF87212A04D6EF87212B04D6EF87212A04D6EF87212A04D6EF87212A04D6EF87212A04D6EF87212A04D6EF88212B04D6EF88212A04D6EF88212A04D6EF88212A04D6EF88212A04D6EF88212A04D6EF88212A04D6EF88212A04D5EF88212A04D5EF88212A04D5EF8A212B04D5EF8A212B04D5EF8A212A04D5EF8A212A04D5EF88212904D5EF8A212904D5EF8A212B04D5EF88212A04D6EF88212904D6EF8A212A04D5EF8A212A04D5EF8A212A04D5EF8A212B04D5EF8A212B04D5EF8A212A04D5EF8A212904D6EF8B212A04D6EF8B212A04D5EF8B212A04D5EF8B212A04D5EF8B212904D5EF8B212904D5EF8B212904D6EF8B212904D5EF8B212A04D5EF8A212A04D5EF8A212A04D5EF8B212904D5EF8A212904D5EF8A212A04D6EF8A212A04D6EF8A212A04D5EF8A212A04D5EF8A212A04D5EF8A212A04D5EF8A212B04D6EF88212A04D6EF88212A04D5EF8A212A04D5EF8A212A04D5EF8A212B04D5EF8A212B04D6EF88212B04D6EF88212B04D6EF88212A04D6EF88212904D5EF8A212A04D6EF88212A04D6EF88,,,
2016-06-21T06:04:54Z,123,123,212904D5EF88212A04D5EF88212A04D5EF88212A04D6EF87212A04D6EF87212A04D5EF87212B04D6EF88212A04D6EF88212A04D5EF88212B04D5EF87212A04D5EF87212B04D6EF87212B04D6EF87212B04D5EF87212B04D5EF87212B04D5EF87212A04D5EF87212A04D6EF88212A04D6EF88212A04D6EF87212A04D6EF87212904D5EF88212A04D5EF88212A04D5EF88212A04D5EF88212A04D6EF88212A04D6EF88212A04D5EF88212B04D5EF88212A04D6EF8A212A04D6EF8A212A04D6EF8A212A04D6EF88212A04D5EF88212A04D5EF88212A04D5EF88212A04D5EF8A212A04D5EF8A212A04D5EF8A212A04D5EF8A212A04D5EF8A212A04D5EF8A212904D5EF8A212A04D5EF8A212A04D6EF8A212904D5EF8A212A04D5EF8A212A04D5EF8A212A04D5EF8B212904D5EF8B212904D5EF8B212A04D6EF8B212A04D6EF8B212904D5EF8B212A04D5EF8B212A04D6EF8B212A04D6EF8B212A04D5EF8A212A04D5EF8A212A04D5EF8B212904D5EF8B212A04D6EF8A212A04D6EF8A212A04D6EF8A212A04D6EF88212A04D6EF88212A04D6EF8A212A04D5EF8A212A04D5EF8A212A04D5EF8A212A04D5EF8A212A04D5EF8A212A04D5EF8A212A04D6EF8A212A04D6EF8A212A04D5EF88212904D5EF88212A04D6EF88212B04D6EF88212B04D6EF88212A04D6EF88212A04D5EF88212A04D5EF88212B04D6EF88212B04D6EF88212B04D6EF87212A04D6EF87212A04D6EF88212A04D6EF88212B04D6EF87212B04D6EF87212A04D6EF87212A04D6EF87212A04D5EF87212A04D6EF87212A04D6EF87212A04D5EF87212A04D6EF87212B04D6EF87212A04D5EF88212A04D5EF88212A04D6EF88212A04D6EF88212B04D6EF88212A04D6EF88212A04D5EF88212B04D5EF88212B04D6EF88212A04D6EF88212A04D5EF88212B04D5EF88212A04D6EF8A212904D6EF8A212904D6EF8A212A04D6EF8A212A04D5EF8A212A04D5EF8A212A04D5EF8A212A04D5EF8B212A04D6EF8A212A04D6EF8A212904D6EF8A212904D5EF8A,,,
2016-06-21T06:04:55Z,123,123,212A04D5EF8B212A04D5EF8A212A04D5EF8A212904D5EF8B212904D6EF8B212A04D5EF8B212A04D5EF8B212A04D5EF8B212A04D6EF8B212A04D5EF8B212A04D5EF8B212A04D5EF8B212A04D5EF8B212904D5EF8B212A04D5EF8B212A04D5EF8B212A04D5EF8A212A04D5EF8A212A04D5EF8A212A04D5EF8A212A04D5EF8A212904D5EF8A212A04D5EF88212A04D5EF88212A04D5EF8A212B04D5EF8A212B04D5EF8A212A04D5EF8A212A04D5EF88212A04D5EF88212B04D6EF88212A04D6EF88212A04D6EF87212A04D6EF87212A04D6EF87212B04D6EF88212B04D6EF88212B04D6EF87212B04D6EF87212A04D6EF87212A04D6EF87212B04D6EF87212A04D6EF87212A04D6EF87212B04D6EF87212B04D6EF87212B04D6EF87212A04D6EF88212A04D5EF88212B04D5EF87212B04D6EF87212B04D6EF87212B04D6EF87212B04D6EF87212B04D6EF87212A04D6EF87212A04D6EF88212A04D6EF88212A04D6EF88212A04D6EF88212A04D6EF88212A04D6EF88212B04D6EF88212A04D6EF88212A04D5EF8A212A04D5EF8A212A04D5EF8A212A04D5EF8A212A04D6EF88212B04D6EF88212A04D6EF8A212A04D6EF8A212A04D6EF8A212A04D6EF8A212A04D6EF8A212A04D6EF8A212A04D5EF8B212A04D5EF8A212A04D5EF8A212904D5EF8A212904D6EF8A212904D5EF8B212904D5EF8B212A04D5EF8B212904D5EF8B212904D4EF8B212904D4EF8B212A04D5EF8A212A04D6EF8A212A04D6EF8A212A04D5EF8A212904D5EF8B212904D5EF8B212A04D5EF8A212A04D6EF8A212A04D6EF8B212A04D5EF8B212904D5EF8A212A04D5EF8A212A04D5EF88212A04D6EF88212A04D6EF8A212904D6EF88212904D5EF88212A04D5EF88212A04D6EF88212A04D6EF88212A04D6EF88212A04D5EF8A212A04D5EF8A212A04D6EF88212A04D6EF88212A04D5EF88212A04D6EF88212A04D6EF88212A04D6EF88212A04D6EF87212A04D6EF87212B04D6EF87212A04D6EF87212A04D5EF87212A04D6EF87212A04D5EF87,,,
2016-06-21T06:04:56Z,123,123,212A04D6EF87212A04D6EF87212A04D6EF87212A04D6EF87212A04D6EF87212A04D6EF87212B04D6EF87212B04D6EF87212A04D6EF87212A04D5EF88212A04D6EF88212A04D6EF88212A04D6EF88212A04D5EF88212A04D5EF88212B04D6EF88212A04D6EF88212A04D5EF88212A04D5EF8A212A04D5EF8A212A04D5EF8A212A04D5EF8A212A04D5EF8A212A04D5EF8A212A04D5EF8A212904D5EF8A212A04D5EF8A212B04D5EF8A212904D5EF8A212904D5EF8A212A04D5EF8A212A04D5EF8A212A04D6EF8A212A04D5EF8A212B04D5EF8A212A04D6EF8A212904D5EF8A212904D5EF8B212904D5EF8B212904D5EF8B212904D5EF8B212A04D6EF8B212904D5EF8A212904D5EF8B212904D5EF8B212A04D6EF8B212A04D5EF8A212A04D5EF8A212B04D6EF8A212B04D6EF8A212A04D6EF8A212A04D5EF8A212A04D5EF8A212A04D6EF8A212A04D6EF8A212A04D5EF8A212A04D5EF8A212A04D5EF88212A04D5EF88212B04D6EF88212A04D6EF88212B04D6EF88212B04D6EF88212B04D6EF88212A04D6EF88212A04D6EF88212A04D6EF88212A04D6EF87212A04D6EF87212A04D6EF88212A04D5EF88212A04D6EF87212A04D6EF87212A04D6EF87212A04D6EF87212A04D5EF87212A04D5EF87212A04D6EF87212B04D6EF87212B04D6EF87212B04D6EF87212B04D6EF87212A04D6EF87212B04D6EF87212B04D6EF87212A04D6EF88212A04D6EF88212A04D6EF88212A04D6EF88212B04D6EF88212B04D5EF88212B04D5EF88212B04D6EF88212A04D6EF88212A04D6EF88212B04D5EF8A212A04D5EF88212A04D6EF88212B04D5EF8A212A04D5EF8A212A04D5EF88212A04D5EF88212A04D5EF8A212904D6EF8A212A04D6EF8A212A04D5EF8A212A04D5EF8A212A04D5EF8A212A04D5EF8A212A04D5EF8A212A04D5EF8B212904D5EF8B212904D5EF8B212904D5EF8B212904D5EF8A212904D6EF8A212904D5EF8B212904D5EF8B212A04D5EF8B212A04D5EF8B212A04D5EF8B212A04D5EF8B212A04D5EF8B,,,
2016-06-21T06:04:57Z,123,123,212A04D6EF8B212A04D5EF8A212A04D5EF8A212A04D5EF8A212904D6EF8A212A04D6EF8A212A04D5EF8A212A04D5EF8A212A04D5EF8A212A04D5EF88212A04D6EF88212B04D6EF8A212B04D5EF88212A04D5EF88212A04D5EF88212A04D6EF88212A04D5EF88212A04D5EF88212A04D6EF88212B04D6EF88212A04D6EF88212A04D6EF87212A04D6EF87212B04D6EF87212B04D6EF87212A04D6EF87212A04D6EF87212B04D6EF87212A04D6EF87212A04D6EF87212B04D6EF87212B04D6EF87212A04D6EF88212A04D6EF87212A04D6EF87212A04D6EF88212A04D6EF87212A04D6EF87212B04D6EF87212A04D6EF87212A04D6EF87212A04D6EF87212A04D6EF88212A04D6EF88212A04D6EF8A212A04D6EF88212A04D6EF88212A04D6EF88212A04D6EF88212904D6EF88212904D6EF88212A04D6EF8A212A04D5EF8A212A04D5EF8A212A04D5EF88212A04D5EF88212A04D5EF88212A04D5EF8A212A04D5EF8A212A04D5EF8A212A04D6EF8A212A04D6EF8A212A04D5EF8B212A04D5EF8B212A04D5EF8B212904D5EF8B212904D5EF8B212904D5EF8B212904D6EF8A212A04D6EF8A212A04D6EF8B212A04D5EF8B212A04D5EF8B212A04D5EF8B212A04D5EF8B212904D5EF8B212904D5EF8B212904D5EF8B212904D5EF8B212904D5EF8A212904D5EF8A212A04D5EF8A212A04D5EF8A212A04D5EF8A212A04D6EF8A212A04D6EF88212A04D5EF88212B04D5EF8A212A04D6EF88212A04D6EF88212B04D6EF88212B04D6EF88212B04D6EF88212A04D6EF88212A04D5EF88212904D5EF88212904D6EF88212904D6EF88212A04D6EF87212B04D6EF88212B04D5EF88212A04D5EF88212A04D6EF88212B04D6EF88212B04D6EF88212B04D6EF87212B04D6EF87212A04D6EF87212A04D6EF87212A04D6EF87212A04D6EF87212A04D5EF87212A04D6EF87212B04D6EF87212B04D5EF87212A04D5EF87212A04D5EF88212A04D6EF88212A04D6EF87212A04D6EF87212A04D6EF88212A04D6EF88212A04D6EF88,,,
2016-06-21T06:04:58Z,123,123,212B04D6EF88212A04D6EF88212B04D6EF88212B04D5EF88212A04D5EF88212A04D5EF88212A04D5EF88212A04D6EF88212904D6EF8A212904D6EF8A212A04D6EF8A212A04D5EF8A212A04D5EF88212B04D5EF88212B04D5EF8A212B04D5EF8A212A04D6EF88212A04D5EF88212A04D5EF8A212A04D5EF8A212904D5EF8A212904D5EF8A212904D5EF8A212904D5EF8A212904D5EF8B212904D5EF8B212904D5EF8B212904D5EF8B212A04D6EF8B212A04D5EF8B212A04D5EF8B212A04D5EF8B212904D5EF8A212904D5EF8A212A04D5EF8B212A04D5EF8B212A04D5EF8B212A04D5EF8B212904D5EF8A212A04D5EF8A212A04D5EF8B212A04D5EF8B212A04D5EF8A212A04D6EF8A212A04D6EF8A212A04D6EF8A212A04D6EF88212A04D6EF88212A04D6EF88212A04D6EF88212A04D6EF8A212A04D5EF8A212A04D5EF8A212A04D6EF88212A04D6EF88212A04D6EF88212A04D6EF88212A04D5EF88212B04D5EF88212B04D6EF88212A04D6EF88212A04D6EF87212A04D6EF87212A04D6EF87212B04D6EF87212B04D5EF87212C04D5EF87212B04D6EF87212A04D6EF88212A04D6EF88212A04D6EF87212A04D6EF87212B04D6EF87212B04D6EF87212A04D6EF87212A04D6EF87212B04D6EF87212A04D6EF87212A04D6EF87212B04D6EF87212A04D6EF87212A04D6EF88212A04D6EF88212A04D6EF88212A04D6EF88212A04D6EF88212A04D6EF88212B04D6EF88212B04D6EF88212A04D6EF88212A04D5EF8A212B04D5EF88212A04D6EF88212A04D5EF8A212A04D5EF8A212B04D6EF8A212A04D6EF8A212A04D6EF8A212B04D6EF88212B04D6EF88212A04D6EF8A212904D5EF8A212A04D5EF8A212B04D5EF8A212A04D5EF8A212A04D5EF8A212A04D6EF8A212A04D5EF8A212904D5EF8B212904D5EF8A212A04D6EF8A212B04D5EF8A212A04D5EF8A212A04D6EF8A212A04D6EF8A212904D6EF8A212904D5EF8A212904D5EF8A212904D5EF8B212904D6EF8B212904D6EF8B212904D5EF8B212904D5EF8B,,,
2016-06-21T06:04:59Z,123,123,212A04D5EF8A212A04D5EF8A212904D5EF8B212A04D5EF8A212A04D5EF8A212A04D5EF8A212A04D6EF8A212A04D6EF8A212A04D5EF8A212A04D5EF8A212A04D5EF8A212B04D5EF8A212A04D5EF8A212A04D5EF8A212A04D6EF88212A04D6EF87212A04D6EF88212A04D5EF88212B04D6EF88212A04D5EF88212A04D5EF88212A04D5EF88212A04D5EF88212A04D5EF88212A04D6EF88212A04D6EF88212A04D6EF87212904D6EF87212904D6EF87212A04D6EF87212A04D6EF87212A04D6EF87212A04D6EF88212A04D6EF87212A04D6EF87212B04D6EF88212B04D6EF87212B04D6EF87212A04D6EF87212A04D5EF87212A04D5EF87212A04D6EF87212A04D6EF87212A04D6EF87212A04D6EF87212A04D6EF87212A04D6EF88212A04D6EF88212A04D6EF88212A04D6EF88212B04D6EF88212A04D6EF88212A04D6EF88212A04D6EF88212A04D6EF88212A04D6EF88212A04D6EF88212A04D6EF8A212A04D5EF8A212A04D5EF8A212B04D5EF8A212A04D6EF8A212A04D6EF8A212A04D6EF8A212A04D5EF8A212A04D5EF8A212A04D5EF8A212A04D5EF8A212A04D6EF8A212904D6EF8A212904D5EF8A212904D5EF8B212904D5EF8B212904D5EF8B212A04D5EF8B212A04D5EF8B212A04D5EF8B212904D5EF8B212904D5EF8B212904D5EF8B212904D5EF8B212904D5EF8B212904D5EF8B212904D5EF8A212904D5EF8A212904D5EF8A212904D5EF8A212904D5EF8A212A04D5EF8A212B04D5EF8A212A04D6EF8A212904D6EF8A212A04D5EF8A212A04D5EF8A212A04D6EF8A212A04D6EF8A212A04D6EF8A212A04D5EF8A212904D5EF8A212A04D5EF88212B04D6EF88212B04D6EF88212A04D5EF88212904D5EF88212904D6EF88212A04D6EF88212A04D5EF88212904D5EF88212A04D6EF88212B04D6EF88212B04D5EF88212A04D5EF88212A04D6EF88212B04D5EF88212A04D5EF87212A04D6EF87212B04D6EF87212B04D6EF87212B04D6EF87212A04D6EF87212A04D6EF87212B04D6EF87212B04D5EF87,,,