time, x, y, z
2016-06-21T06:04:00Z,56600.0,8253.33,-28106.67
2016-06-21T06:04:00Z,56600.0,8253.33,-28106.67
2016-06-21T06:04:00Z,56600.0,8253.33,-28106.67
2016-06-21T06:04:00Z,56606.67,8246.67,-28106.67
2016-06-21T06:04:00Z,56600.0,8253.33,-28106.67
2016-06-21T06:04:00Z,56600.0,8253.33,-28106.67
2016-06-21T06:04:00Z,56600.0,8253.33,-28106.67
2016-06-21T06:04:00Z,56600.0,8253.33,-28106.67
2016-06-21T06:04:00Z,56600.0,8246.67,-28106.67
2016-06-21T06:04:00Z,56600.0,8246.67,-28113.33
2016-06-21T06:04:00Z,56600.0,8253.33,-28113.33
2016-06-21T06:04:00Z,56600.0,8253.33,-28113.33
2016-06-21T06:04:00Z,56606.67,8246.67,-28113.33
2016-06-21T06:04:00Z,56606.67,8253.33,-28113.33
2016-06-21T06:04:00Z,56606.67,8253.33,-28106.67
2016-06-21T06:04:00Z,56606.67,8253.33,-28106.67
2016-06-21T06:04:00Z,56600.0,8253.33,-28106.67
2016-06-21T06:04:00Z,56600.0,8253.33,-28106.67
2016-06-21T06:04:00Z,56600.0,8253.33,-28106.67
2016-06-21T06:04:00Z,56600.0,8253.33,-28113.33
2016-06-21T06:04:00Z,56606.67,8253.33,-28113.33
2016-06-21T06:04:00Z,56613.33,8253.33,-28113.33
2016-06-21T06:04:00Z,56606.67,8246.67,-28106.67
2016-06-21T06:04:00Z,56600.0,8246.67,-28106.67
2016-06-21T06:04:00Z,56600.0,8246.67,-28106.67
2016-06-21T06:04:00Z,56606.67,8253.33,-28106.67
2016-06-21T06:04:00Z,56600.0,8253.33,-28113.33
2016-06-21T06:04:00Z,56600.0,8246.67,-28106.67
2016-06-21T06:04:00Z,56600.0,8253.33,-28106.67
2016-06-21T06:04:00Z,56600.0,8253.33,-28106.67
2016-06-21T06:04:00Z,56600.0,8253.33,-28106.67
2016-06-21T06:04:00Z,56600.0,8246.67,-28093.33
2016-06-21T06:04:00Z,56600.0,8246.67,-28093.33
2016-06-21T06:04:00Z,56606.67,8246.67,-28106.67
2016-06-21T06:04:00Z,56600.0,8246.67,-28093.33
2016-06-21T06:04:00Z,56600.0,8246.67,-28093.33
2016-06-21T06:04:00Z,56600.0,8246.67,-28093.33
2016-06-21T06:04:00Z,56600.0,8246.67,-28093.33
2016-06-21T06:04:00Z,56600.0,8246.67,-28093.33
2016-06-21T06:04:00Z,56600.0,8246.67,-28093.33
2016-06-21T06:04:00Z,56600.0,8253.33,-28093.33
2016-06-21T06:04:00Z,56593.33,8253.33,-28093.33
2016-06-21T06:04:00Z,56600.0,8246.67,-28093.33
2016-06-21T06:04:00Z,56600.0,8246.67,-28093.33
2016-06-21T06:04:00Z,56600.0,8246.67,-28093.33
2016-06-21T06:04:00Z,56600.0,8246.67,-28093.33
2016-06-21T06:04:00Z,56600.0,8246.67,-28093.33
2016-06-21T06:04:00Z,56600.0,8246.67,-28093.33
2016-06-21T06:04:00Z,56600.0,8253.33,-28093.33
2016-06-21T06:04:00Z,56593.33,8246.67,-28086.67
2016-06-21T06:04:00Z,56593.33,8246.67,-28086.67
2016-06-21T06:04:00Z,56593.33,8246.67,-28093.33
2016-06-21T06:04:00Z,56593.33,8246.67,-28093.33
2016-06-21T06:04:00Z,56600.0,8253.33,-28086.67
2016-06-21T06:04:00Z,56600.0,8246.67,-28086.67
2016-06-21T06:04:00Z,56593.33,8246.67,-28086.67
2016-06-21T06:04:00Z,56593.33,8246.67,-28086.67
2016-06-21T06:04:00Z,56593.33,8246.67,-28086.67
2016-06-21T06:04:00Z,56600.0,8246.67,-28080.0
2016-06-21T06:04:00Z,56600.0,8253.33,-28086.67
2016-06-21T06:04:00Z,56600.0,8253.33,-28086.67
2016-06-21T06:04:00Z,56600.0,8246.67,-28086.67
2016-06-21T06:04:00Z,56593.33,8246.67,-28086.67
2016-06-21T06:04:00Z,56593.33,8246.67,-28093.33
2016-06-21T06:04:00Z,56600.0,8246.67,-28093.33
2016-06-21T06:04:00Z,56606.67,8246.67,-28086.67
2016-06-21T06:04:00Z,56600.0,8246.67,-28086.67
2016-06-21T06:04:00Z,56600.0,8246.67,-28086.67
2016-06-21T06:04:00Z,56600.0,8253.33,-28093.33
2016-06-21T06:04:00Z,56600.0,8253.33,-28093.33
2016-06-21T06:04:00Z,56600.0,8246.67,-28093.33
2016-06-21T06:04:00Z,56606.67,8246.67,-28106.67
2016-06-21T06:04:00Z,56600.0,8253.33,-28093.33
2016-06-21T06:04:00Z,56600.0,8253.33,-28093.33
2016-06-21T06:04:00Z,56600.0,8253.33,-28106.67
2016-06-21T06:04:00Z,56600.0,8246.67,-28093.33
2016-06-21T06:04:00Z,56600.0,8246.67,-28093.33
2016-06-21T06:04:00Z,56600.0,8246.67,-28093.33
2016-06-21T06:04:00Z,56600.0,8246.67,-28093.33
2016-06-21T06:04:00Z,56600.0,8246.67,-28106.67
2016-06-21T06:04:00Z,56600.0,8246.67,-28093.33
2016-06-21T06:04:00Z,56593.33,8246.67,-28093.33
2016-06-21T06:04:00Z,56600.0,8246.67,-28093.33
2016-06-21T06:04:00Z,56600.0,8246.67,-28093.33
2016-06-21T06:04:00Z,56600.0,8253.33,-28106.67
2016-06-21T06:04:00Z,56600.0,8253.33,-28106.67
2016-06-21T06:04:00Z,56600.0,8253.33,-28106.67
2016-06-21T06:04:00Z,56600.0,8253.33,-28106.67
2016-06-21T06:04:00Z,56600.0,8253.33,-28106.67
2016-06-21T06:04:00Z,56600.0,8253.33,-28106.67
2016-06-21T06:04:00Z,56606.67,8253.33,-28106.67
2016-06-21T06:04:00Z,56600.0,8246.67,-28106.67
2016-06-21T06:04:00Z,56600.0,8246.67,-28106.67
2016-06-21T06:04:00Z,56600.0,8246.67,-28106.67
2016-06-21T06:04:00Z,56600.0,8253.33,-28106.67
2016-06-21T06:04:00Z,56600.0,8253.33,-28106.67
2016-06-21T06:04:00Z,56600.0,8253.33,-28113.33
2016-06-21T06:04:00Z,56600.0,8253.33,-28113.33
2016-06-21T06:04:00Z,56606.67,8253.33,-28113.33
2016-06-21T06:04:00Z,56606.67,8253.33,-28113.33
2016-06-21T06:04:00Z,56600.0,8246.67,-28106.67
2016-06-21T06:04:00Z,56600.0,8253.33,-28106.67
2016-06-21T06:04:00Z,56606.67,8253.33,-28113.33
2016-06-21T06:04:00Z,56600.0,8253.33,-28113.33
2016-06-21T06:04:00Z,56606.67,8246.67,-28106.67
2016-06-21T06:04:00Z,56606.67,8246.67,-28106.67
2016-06-21T06:04:00Z,56600.0,8246.67,-28106.67
2016-06-21T06:04:00Z,56600.0,8253.33,-28106.67
2016-06-21T06:04:00Z,56600.0,8253.33,-28106.67
2016-06-21T06:04:00Z,56606.67,8246.67,-28106.67
2016-06-21T06:04:00Z,56606.67,8246.67,-28106.67
2016-06-21T06:04:00Z,56600.0,8246.67,-28106.67
2016-06-21T06:04:00Z,56600.0,8253.33,-28106.67
2016-06-21T06:04:00Z,56600.0,8246.67,-28093.33
2016-06-21T06:04:00Z,56600.0,8246.67,-28093.33
2016-06-21T06:04:00Z,56600.0,8246.67,-28093.33
2016-06-21T06:04:00Z,56600.0,8246.67,-28093.33
2016-06-21T06:04:00Z,56600.0,8246.67,-28106.67
2016-06-21T06:04:00Z,56600.0,8246.67,-28106.67
2016-06-21T06:04:00Z,56600.0,8246.67,-28106.67
2016-06-21T06:04:00Z,56600.0,8246.67,-28093.33
2016-06-21T06:04:00Z,56600.0,8246.67,-28093.33
2016-06-21T06:04:00Z,56606.67,8253.33,-28093.33
2016-06-21T06:04:01Z,56606.67,8253.33,-28093.33
2016-06-21T06:04:01Z,56600.0,8246.67,-28093.33
2016-06-21T06:04:01Z,56600.0,8246.67,-28086.67
2016-06-21T06:04:01Z,56600.0,8246.67,-28086.67
2016-06-21T06:04:01Z,56600.0,8246.67,-28086.67
2016-06-21T06:04:01Z,56600.0,8246.67,-28086.67
2016-06-21T06:04:01Z,56600.0,8246.67,-28086.67
2016-06-21T06:04:01Z,56600.0,8246.67,-28086.67
2016-06-21T06:04:01Z,56600.0,8246.67,-28086.67
2016-06-21T06:04:01Z,56600.0,8246.67,-28086.67
2016-06-21T06:04:01Z,56600.0,8246.67,-28086.67
2016-06-21T06:04:01Z,56593.33,8246.67,-28080.0
2016-06-21T06:04:01Z,56593.33,8253.33,-28080.0
2016-06-21T06:04:01Z,56600.0,8253.33,-28086.67
2016-06-21T06:04:01Z,56600.0,8253.33,-28086.67
2016-06-21T06:04:01Z,56600.0,8246.67,-28086.67
2016-06-21T06:04:01Z,56600.0,8246.67,-28086.67
2016-06-21T06:04:01Z,56593.33,8253.33,-28086.67
2016-06-21T06:04:01Z,56600.0,8253.33,-28086.67
2016-06-21T06:04:01Z,56600.0,8246.67,-28086.67
2016-06-21T06:04:01Z,56600.0,8246.67,-28093.33
2016-06-21T06:04:01Z,56600.0,8246.67,-28093.33
2016-06-21T06:04:01Z,56600.0,8246.67,-28093.33
2016-06-21T06:04:01Z,56600.0,8246.67,-28093.33
2016-06-21T06:04:01Z,56600.0,8246.67,-28093.33
2016-06-21T06:04:01Z,56600.0,8246.67,-28093.33
2016-06-21T06:04:01Z,56606.67,8246.67,-28093.33
2016-06-21T06:04:01Z,56600.0,8246.67,-28093.33
2016-06-21T06:04:01Z,56600.0,8246.67,-28093.33
2016-06-21T06:04:01Z,56606.67,8246.67,-28093.33
2016-06-21T06:04:01Z,56606.67,8246.67,-28093.33
2016-06-21T06:04:01Z,56600.0,8246.67,-28093.33
2016-06-21T06:04:01Z,56600.0,8246.67,-28093.33
2016-06-21T06:04:01Z,56600.0,8246.67,-28106.67
2016-06-21T06:04:01Z,56600.0,8246.67,-28106.67
2016-06-21T06:04:01Z,56600.0,8246.67,-28093.33
2016-06-21T06:04:01Z,56600.0,8246.67,-28093.33
2016-06-21T06:04:01Z,56600.0,8246.67,-28106.67
2016-06-21T06:04:01Z,56600.0,8246.67,-28106.67
2016-06-21T06:04:01Z,56600.0,8246.67,-28106.67
2016-06-21T06:04:01Z,56600.0,8246.67,-28113.33
2016-06-21T06:04:01Z,56600.0,8253.33,-28113.33
2016-06-21T06:04:01Z,56600.0,8253.33,-28106.67
2016-06-21T06:04:01Z,56600.0,8246.67,-28106.67
2016-06-21T06:04:01Z,56606.67,8246.67,-28106.67
2016-06-21T06:04:01Z,56606.67,8246.67,-28106.67
2016-06-21T06:04:01Z,56606.67,8253.33,-28106.67
2016-06-21T06:04:01Z,56606.67,8253.33,-28106.67
2016-06-21T06:04:01Z,56606.67,8246.67,-28106.67
2016-06-21T06:04:01Z,56600.0,8246.67,-28113.33
2016-06-21T06:04:01Z,56600.0,8246.67,-28113.33
2016-06-21T06:04:01Z,56606.67,8253.33,-28113.33
2016-06-21T06:04:01Z,56606.67,8253.33,-28113.33
2016-06-21T06:04:01Z,56606.67,8246.67,-28113.33
2016-06-21T06:04:01Z,56606.67,8246.67,-28113.33
2016-06-21T06:04:01Z,56606.67,8253.33,-28113.33
2016-06-21T06:04:01Z,56606.67,8253.33,-28106.67
2016-06-21T06:04:01Z,56606.67,8253.33,-28106.67
2016-06-21T06:04:01Z,56606.67,8253.33,-28106.67
2016-06-21T06:04:01Z,56606.67,8246.67,-28106.67
2016-06-21T06:04:01Z,56606.67,8246.67,-28106.67
2016-06-21T06:04:01Z,56606.67,8246.67,-28113.33
2016-06-21T06:04:01Z,56606.67,8246.67,-28106.67
2016-06-21T06:04:01Z,56600.0,8246.67,-28093.33
2016-06-21T06:04:01Z,56600.0,8246.67,-28093.33
2016-06-21T06:04:01Z,56606.67,8253.33,-28106.67
2016-06-21T06:04:01Z,56600.0,8253.33,-28106.67
2016-06-21T06:04:01Z,56600.0,8246.67,-28093.33
2016-06-21T06:04:01Z,56606.67,8246.67,-28093.33
2016-06-21T06:04:01Z,56600.0,8246.67,-28106.67
2016-06-21T06:04:01Z,56600.0,8246.67,-28106.67
2016-06-21T06:04:01Z,56600.0,8253.33,-28106.67
2016-06-21T06:04:01Z,56600.0,8253.33,-28106.67
2016-06-21T06:04:01Z,56600.0,8246.67,-28106.67
2016-06-21T06:04:01Z,56600.0,8246.67,-28106.67
2016-06-21T06:04:01Z,56600.0,8246.67,-28106.67
2016-06-21T06:04:01Z,56600.0,8246.67,-28106.67
2016-06-21T06:04:01Z,56600.0,8246.67,-28106.67
2016-06-21T06:04:01Z,56600.0,8246.67,-28106.67
2016-06-21T06:04:01Z,56600.0,8246.67,-28093.33
2016-06-21T06:04:01Z,56600.0,8246.67,-28093.33
2016-06-21T06:04:01Z,56600.0,8246.67,-28093.33
2016-06-21T06:04:01Z,56600.0,8246.67,-28093.33
2016-06-21T06:04:01Z,56600.0,8246.67,-28093.33
2016-06-21T06:04:01Z,56600.0,8246.67,-28093.33
2016-06-21T06:04:01Z,56593.33,8246.67,-28086.67
2016-06-21T06:04:01Z,56600.0,8246.67,-28086.67
2016-06-21T06:04:01Z,56600.0,8246.67,-28093.33
2016-06-21T06:04:01Z,56593.33,8246.67,-28086.67
2016-06-21T06:04:01Z,56593.33,8246.67,-28086.67
2016-06-21T06:04:01Z,56600.0,8246.67,-28086.67
2016-06-21T06:04:01Z,56600.0,8246.67,-28086.67
2016-06-21T06:04:01Z,56593.33,8246.67,-28086.67
2016-06-21T06:04:01Z,56593.33,8246.67,-28086.67
2016-06-21T06:04:01Z,56600.0,8246.67,-28086.67
2016-06-21T06:04:01Z,56600.0,8246.67,-28086.67
2016-06-21T06:04:01Z,56600.0,8246.67,-28093.33
2016-06-21T06:04:01Z,56600.0,8246.67,-28086.67
2016-06-21T06:04:01Z,56600.0,8246.67,-28086.67
2016-06-21T06:04:01Z,56600.0,8246.67,-28086.67
2016-06-21T06:04:01Z,56600.0,8246.67,-28093.33
2016-06-21T06:04:01Z,56600.0,8246.67,-28086.67
2016-06-21T06:04:01Z,56600.0,8246.67,-28086.67
2016-06-21T06:04:01Z,56600.0,8246.67,-28093.33
2016-06-21T06:04:01Z,56600.0,8246.67,-28093.33
2016-06-21T06:04:01Z,56600.0,8253.33,-28093.33
2016-06-21T06:04:01Z,56593.33,8253.33,-28093.33
2016-06-21T06:04:01Z,56600.0,8246.67,-28093.33
2016-06-21T06:04:01Z,56600.0,8246.67,-28093.33
2016-06-21T06:04:01Z,56600.0,8246.67,-28093.33
2016-06-21T06:04:01Z,56600.0,8246.67,-28106.67
2016-06-21T06:04:01Z,56600.0,8253.33,-28106.67
2016-06-21T06:04:01Z,56600.0,8253.33,-28093.33
2016-06-21T06:04:01Z,56606.67,8246.67,-28093.33
2016-06-21T06:04:01Z,56606.67,8246.67,-28093.33
2016-06-21T06:04:01Z,56600.0,8253.33,-28106.67
2016-06-21T06:04:01Z,56600.0,8253.33,-28106.67
2016-06-21T06:04:01Z,56600.0,8253.33,-28106.67
2016-06-21T06:04:01Z,56600.0,8253.33,-28106.67
2016-06-21T06:04:01Z,56600.0,8253.33,-28106.67
2016-06-21T06:04:01Z,56600.0,8253.33,-28106.67
2016-06-21T06:04:01Z,56600.0,8246.67,-28106.67
2016-06-21T06:04:01Z,56600.0,8246.67,-28113.33
2016-06-21T06:04:02Z,56606.67,8253.33,-28113.33
2016-06-21T06:04:02Z,56606.67,8253.33,-28106.67
2016-06-21T06:04:02Z,56600.0,8253.33,-28106.67
2016-06-21T06:04:02Z,56600.0,8253.33,-28113.33
2016-06-21T06:04:02Z,56606.67,8253.33,-28106.67
2016-06-21T06:04:02Z,56606.67,8253.33,-28113.33
2016-06-21T06:04:02Z,56600.0,8253.33,-28113.33
2016-06-21T06:04:02Z,56600.0,8253.33,-28106.67
2016-06-21T06:04:02Z,56600.0,8253.33,-28106.67
2016-06-21T06:04:02Z,56600.0,8253.33,-28106.67
2016-06-21T06:04:02Z,56606.67,8253.33,-28113.33
2016-06-21T06:04:02Z,56606.67,8253.33,-28113.33
2016-06-21T06:04:02Z,56606.67,8253.33,-28106.67
2016-06-21T06:04:02Z,56606.67,8246.67,-28106.67
2016-06-21T06:04:02Z,56600.0,8246.67,-28113.33
2016-06-21T06:04:02Z,56600.0,8246.67,-28113.33
2016-06-21T06:04:02Z,56600.0,8246.67,-28106.67
2016-06-21T06:04:02Z,56600.0,8253.33,-28106.67
2016-06-21T06:04:02Z,56600.0,8253.33,-28106.67
2016-06-21T06:04:02Z,56600.0,8246.67,-28106.67
2016-06-21T06:04:02Z,56600.0,8246.67,-28093.33
2016-06-21T06:04:02Z,56600.0,8246.67,-28106.67
2016-06-21T06:04:02Z,56600.0,8246.67,-28106.67
2016-06-21T06:04:02Z,56606.67,8253.33,-28106.67
2016-06-21T06:04:02Z,56600.0,8253.33,-28106.67
2016-06-21T06:04:02Z,56600.0,8253.33,-28113.33
2016-06-21T06:04:02Z,56600.0,8246.67,-28106.67
2016-06-21T06:04:02Z,56600.0,8246.67,-28106.67
2016-06-21T06:04:02Z,56600.0,8253.33,-28093.33
2016-06-21T06:04:02Z,56593.33,8253.33,-28093.33
2016-06-21T06:04:02Z,56600.0,8246.67,-28093.33
2016-06-21T06:04:02Z,56600.0,8246.67,-28093.33
2016-06-21T06:04:02Z,56606.67,8246.67,-28093.33
2016-06-21T06:04:02Z,56600.0,8246.67,-28093.33
2016-06-21T06:04:02Z,56600.0,8246.67,-28093.33
2016-06-21T06:04:02Z,56600.0,8246.67,-28093.33
2016-06-21T06:04:02Z,56600.0,8246.67,-28093.33
2016-06-21T06:04:02Z,56600.0,8246.67,-28093.33
2016-06-21T06:04:02Z,56593.33,8246.67,-28093.33
2016-06-21T06:04:02Z,56593.33,8253.33,-28093.33
2016-06-21T06:04:02Z,56600.0,8253.33,-28093.33
2016-06-21T06:04:02Z,56593.33,8253.33,-28093.33
2016-06-21T06:04:02Z,56593.33,8246.67,-28086.67
2016-06-21T06:04:02Z,56593.33,8246.67,-28086.67
2016-06-21T06:04:02Z,56600.0,8246.67,-28086.67
2016-06-21T06:04:02Z,56606.67,8253.33,-28086.67
2016-06-21T06:04:02Z,56600.0,8253.33,-28086.67
2016-06-21T06:04:02Z,56600.0,8246.67,-28086.67
2016-06-21T06:04:02Z,56600.0,8246.67,-28086.67
2016-06-21T06:04:02Z,56600.0,8246.67,-28086.67
2016-06-21T06:04:02Z,56600.0,8246.67,-28086.67
2016-06-21T06:04:02Z,56600.0,8246.67,-28086.67
2016-06-21T06:04:02Z,56600.0,8246.67,-28086.67
2016-06-21T06:04:02Z,56600.0,8246.67,-28093.33
2016-06-21T06:04:02Z,56600.0,8246.67,-28093.33
2016-06-21T06:04:02Z,56600.0,8253.33,-28093.33
2016-06-21T06:04:02Z,56600.0,8253.33,-28093.33
2016-06-21T06:04:02Z,56600.0,8253.33,-28093.33
2016-06-21T06:04:02Z,56600.0,8246.67,-28093.33
2016-06-21T06:04:02Z,56600.0,8246.67,-28093.33
2016-06-21T06:04:02Z,56593.33,8246.67,-28093.33
2016-06-21T06:04:02Z,56600.0,8246.67,-28106.67
2016-06-21T06:04:02Z,56600.0,8253.33,-28093.33
2016-06-21T06:04:02Z,56600.0,8253.33,-28093.33
2016-06-21T06:04:02Z,56600.0,8246.67,-28093.33
2016-06-21T06:04:02Z,56600.0,8246.67,-28093.33
2016-06-21T06:04:02Z,56606.67,8246.67,-28093.33
2016-06-21T06:04:02Z,56606.67,8246.67,-28106.67
2016-06-21T06:04:02Z,56600.0,8246.67,-28106.67
2016-06-21T06:04:02Z,56600.0,8246.67,-28106.67
2016-06-21T06:04:02Z,56593.33,8253.33,-28106.67
2016-06-21T06:04:02Z,56593.33,8253.33,-28106.67
2016-06-21T06:04:02Z,56600.0,8246.67,-28106.67
2016-06-21T06:04:02Z,56600.0,8246.67,-28106.67
2016-06-21T06:04:02Z,56600.0,8246.67,-28106.67
2016-06-21T06:04:02Z,56600.0,8246.67,-28106.67
2016-06-21T06:04:02Z,56606.67,8246.67,-28106.67
2016-06-21T06:04:02Z,56606.67,8246.67,-28106.67
2016-06-21T06:04:02Z,56606.67,8253.33,-28106.67
2016-06-21T06:04:02Z,56606.67,8253.33,-28106.67
2016-06-21T06:04:02Z,56600.0,8246.67,-28106.67
2016-06-21T06:04:02Z,56600.0,8253.33,-28106.67
2016-06-21T06:04:02Z,56606.67,8253.33,-28106.67
2016-06-21T06:04:02Z,56606.67,8246.67,-28106.67
2016-06-21T06:04:02Z,56600.0,8246.67,-28113.33
2016-06-21T06:04:02Z,56600.0,8246.67,-28113.33
2016-06-21T06:04:02Z,56600.0,8246.67,-28106.67
2016-06-21T06:04:02Z,56600.0,8246.67,-28113.33
2016-06-21T06:04:02Z,56606.67,8253.33,-28113.33
2016-06-21T06:04:02Z,56606.67,8253.33,-28106.67
2016-06-21T06:04:02Z,56606.67,8253.33,-28106.67
2016-06-21T06:04:02Z,56600.0,8253.33,-28106.67
2016-06-21T06:04:02Z,56600.0,8246.67,-28106.67
2016-06-21T06:04:02Z,56600.0,8246.67,-28106.67
2016-06-21T06:04:02Z,56600.0,8246.67,-28106.67
2016-06-21T06:04:02Z,56600.0,8253.33,-28106.67
2016-06-21T06:04:02Z,56606.67,8253.33,-28106.67
2016-06-21T06:04:02Z,56600.0,8253.33,-28106.67
2016-06-21T06:04:02Z,56600.0,8253.33,-28106.67
2016-06-21T06:04:02Z,56600.0,8253.33,-28106.67
2016-06-21T06:04:02Z,56600.0,8253.33,-28106.67
2016-06-21T06:04:02Z,56600.0,8253.33,-28106.67
2016-06-21T06:04:02Z,56600.0,8253.33,-28093.33
2016-06-21T06:04:02Z,56600.0,8253.33,-28093.33
2016-06-21T06:04:02Z,56593.33,8246.67,-28093.33
2016-06-21T06:04:02Z,56593.33,8246.67,-28093.33
2016-06-21T06:04:02Z,56600.0,8253.33,-28106.67
2016-06-21T06:04:02Z,56606.67,8253.33,-28093.33
2016-06-21T06:04:02Z,56600.0,8246.67,-28093.33
2016-06-21T06:04:02Z,56600.0,8246.67,-28093.33
2016-06-21T06:04:02Z,56600.0,8246.67,-28093.33
2016-06-21T06:04:02Z,56600.0,8246.67,-28093.33
2016-06-21T06:04:02Z,56600.0,8246.67,-28093.33
2016-06-21T06:04:02Z,56593.33,8246.67,-28093.33
2016-06-21T06:04:02Z,56600.0,8246.67,-28093.33
2016-06-21T06:04:02Z,56600.0,8246.67,-28086.67
2016-06-21T06:04:02Z,56593.33,8246.67,-28086.67
2016-06-21T06:04:02Z,56593.33,8246.67,-28093.33
2016-06-21T06:04:02Z,56600.0,8246.67,-28093.33
2016-06-21T06:04:02Z,56600.0,8246.67,-28093.33
2016-06-21T06:04:02Z,56600.0,8253.33,-28086.67
2016-06-21T06:04:02Z,56593.33,8246.67,-28086.67
2016-06-21T06:04:02Z,56593.33,8246.67,-28086.67
2016-06-21T06:04:03Z,56593.33,8246.67,-28086.67
2016-06-21T06:04:03Z,56600.0,8246.67,-28086.67
2016-06-21T06:04:03Z,56600.0,8246.67,-28086.67
2016-06-21T06:04:03Z,56593.33,8253.33,-28086.67
2016-06-21T06:04:03Z,56593.33,8246.67,-28086.67
2016-06-21T06:04:03Z,56600.0,8246.67,-28086.67
2016-06-21T06:04:03Z,56600.0,8246.67,-28086.67
2016-06-21T06:04:03Z,56593.33,8246.67,-28086.67
2016-06-21T06:04:03Z,56593.33,8246.67,-28086.67
2016-06-21T06:04:03Z,56593.33,8246.67,-28086.67
2016-06-21T06:04:03Z,56593.33,8246.67,-28093.33
2016-06-21T06:04:03Z,56600.0,8246.67,-28086.67
2016-06-21T06:04:03Z,56600.0,8246.67,-28086.67
2016-06-21T06:04:03Z,56600.0,8253.33,-28093.33
2016-06-21T06:04:03Z,56600.0,8253.33,-28093.33
2016-06-21T06:04:03Z,56600.0,8246.67,-28093.33
2016-06-21T06:04:03Z,56600.0,8246.67,-28093.33
2016-06-21T06:04:03Z,56600.0,8253.33,-28093.33
2016-06-21T06:04:03Z,56600.0,8253.33,-28106.67
2016-06-21T06:04:03Z,56600.0,8246.67,-28093.33
2016-06-21T06:04:03Z,56600.0,8246.67,-28093.33
2016-06-21T06:04:03Z,56606.67,8253.33,-28106.67
2016-06-21T06:04:03Z,56600.0,8253.33,-28106.67
2016-06-21T06:04:03Z,56600.0,8246.67,-28093.33
2016-06-21T06:04:03Z,56600.0,8246.67,-28093.33
2016-06-21T06:04:03Z,56600.0,8253.33,-28106.67
2016-06-21T06:04:03Z,56600.0,8253.33,-28106.67
2016-06-21T06:04:03Z,56600.0,8253.33,-28093.33
2016-06-21T06:04:03Z,56600.0,8253.33,-28106.67
2016-06-21T06:04:03Z,56600.0,8253.33,-28106.67
2016-06-21T06:04:03Z,56600.0,8253.33,-28106.67
2016-06-21T06:04:03Z,56600.0,8253.33,-28106.67
2016-06-21T06:04:03Z,56600.0,8253.33,-28106.67
2016-06-21T06:04:03Z,56606.67,8253.33,-28106.67
2016-06-21T06:04:03Z,56606.67,8253.33,-28106.67
2016-06-21T06:04:03Z,56606.67,8253.33,-28106.67
2016-06-21T06:04:03Z,56606.67,8253.33,-28106.67
2016-06-21T06:04:03Z,56600.0,8253.33,-28113.33
2016-06-21T06:04:03Z,56600.0,8253.33,-28113.33
2016-06-21T06:04:03Z,56606.67,8253.33,-28106.67
2016-06-21T06:04:03Z,56606.67,8253.33,-28106.67
2016-06-21T06:04:03Z,56600.0,8246.67,-28113.33
2016-06-21T06:04:03Z,56600.0,8246.67,-28113.33
2016-06-21T06:04:03Z,56606.67,8253.33,-28113.33
2016-06-21T06:04:03Z,56600.0,8253.33,-28113.33
2016-06-21T06:04:03Z,56600.0,8246.67,-28106.67
2016-06-21T06:04:03Z,56606.67,8246.67,-28106.67
2016-06-21T06:04:03Z,56600.0,8246.67,-28106.67
2016-06-21T06:04:03Z,56600.0,8246.67,-28106.67
2016-06-21T06:04:03Z,56600.0,8246.67,-28113.33
2016-06-21T06:04:03Z,56600.0,8253.33,-28106.67
2016-06-21T06:04:03Z,56600.0,8253.33,-28106.67
2016-06-21T06:04:03Z,56600.0,8253.33,-28106.67
2016-06-21T06:04:03Z,56600.0,8253.33,-28106.67
2016-06-21T06:04:03Z,56593.33,8246.67,-28106.67
2016-06-21T06:04:03Z,56600.0,8246.67,-28106.67
2016-06-21T06:04:03Z,56600.0,8246.67,-28106.67
2016-06-21T06:04:03Z,56600.0,8246.67,-28093.33
2016-06-21T06:04:03Z,56600.0,8246.67,-28093.33
2016-06-21T06:04:03Z,56600.0,8246.67,-28106.67
2016-06-21T06:04:03Z,56600.0,8246.67,-28106.67
2016-06-21T06:04:03Z,56600.0,8246.67,-28093.33
2016-06-21T06:04:03Z,56593.33,8246.67,-28106.67
2016-06-21T06:04:03Z,56600.0,8246.67,-28106.67
2016-06-21T06:04:03Z,56600.0,8253.33,-28106.67
2016-06-21T06:04:03Z,56600.0,8253.33,-28093.33
2016-06-21T06:04:03Z,56600.0,8246.67,-28093.33
2016-06-21T06:04:03Z,56600.0,8246.67,-28093.33
2016-06-21T06:04:03Z,56600.0,8246.67,-28093.33
2016-06-21T06:04:03Z,56600.0,8253.33,-28093.33
2016-06-21T06:04:03Z,56600.0,8253.33,-28086.67
2016-06-21T06:04:03Z,56600.0,8246.67,-28086.67
2016-06-21T06:04:03Z,56600.0,8246.67,-28086.67
2016-06-21T06:04:03Z,56600.0,8246.67,-28086.67
2016-06-21T06:04:03Z,56600.0,8246.67,-28086.67
2016-06-21T06:04:03Z,56600.0,8246.67,-28086.67
2016-06-21T06:04:03Z,56600.0,8246.67,-28086.67
2016-06-21T06:04:03Z,56593.33,8253.33,-28086.67
2016-06-21T06:04:03Z,56593.33,8253.33,-28086.67
2016-06-21T06:04:03Z,56593.33,8246.67,-28086.67
2016-06-21T06:04:03Z,56593.33,8246.67,-28086.67
2016-06-21T06:04:03Z,56600.0,8253.33,-28086.67
2016-06-21T06:04:03Z,56600.0,8253.33,-28086.67
2016-06-21T06:04:03Z,56600.0,8246.67,-28086.67
2016-06-21T06:04:03Z,56593.33,8246.67,-28086.67
2016-06-21T06:04:03Z,56593.33,8246.67,-28086.67
2016-06-21T06:04:03Z,56600.0,8253.33,-28093.33
2016-06-21T06:04:03Z,56600.0,8253.33,-28093.33
2016-06-21T06:04:03Z,56600.0,8246.67,-28093.33
2016-06-21T06:04:03Z,56593.33,8253.33,-28093.33
2016-06-21T06:04:03Z,56593.33,8246.67,-28093.33
2016-06-21T06:04:03Z,56593.33,8246.67,-28093.33
2016-06-21T06:04:03Z,56593.33,8246.67,-28093.33
2016-06-21T06:04:03Z,56600.0,8246.67,-28106.67
2016-06-21T06:04:03Z,56600.0,8246.67,-28106.67
2016-06-21T06:04:03Z,56600.0,8246.67,-28093.33
2016-06-21T06:04:03Z,56600.0,8246.67,-28093.33
2016-06-21T06:04:03Z,56600.0,8246.67,-28106.67
2016-06-21T06:04:03Z,56600.0,8246.67,-28106.67
2016-06-21T06:04:03Z,56600.0,8253.33,-28093.33
2016-06-21T06:04:03Z,56606.67,8253.33,-28106.67
2016-06-21T06:04:03Z,56600.0,8246.67,-28106.67
2016-06-21T06:04:03Z,56600.0,8246.67,-28106.67
2016-06-21T06:04:03Z,56600.0,8246.67,-28106.67
2016-06-21T06:04:03Z,56600.0,8246.67,-28106.67
2016-06-21T06:04:03Z,56600.0,8246.67,-28106.67
2016-06-21T06:04:03Z,56600.0,8246.67,-28106.67
2016-06-21T06:04:03Z,56600.0,8246.67,-28113.33
2016-06-21T06:04:03Z,56606.67,8246.67,-28113.33
2016-06-21T06:04:03Z,56600.0,8253.33,-28113.33
2016-06-21T06:04:03Z,56600.0,8253.33,-28106.67
2016-06-21T06:04:03Z,56606.67,8253.33,-28106.67
2016-06-21T06:04:03Z,56606.67,8253.33,-28106.67
2016-06-21T06:04:03Z,56600.0,8253.33,-28113.33
2016-06-21T06:04:03Z,56600.0,8253.33,-28113.33
2016-06-21T06:04:03Z,56600.0,8253.33,-28113.33
2016-06-21T06:04:03Z,56606.67,8253.33,-28113.33
2016-06-21T06:04:03Z,56600.0,8246.67,-28113.33
2016-06-21T06:04:03Z,56600.0,8253.33,-28113.33
2016-06-21T06:04:03Z,56600.0,8253.33,-28106.67
2016-06-21T06:04:03Z,56600.0,8253.33,-28106.67
2016-06-21T06:04:03Z,56606.67,8253.33,-28106.67
2016-06-21T06:04:03Z,56606.67,8253.33,-28106.67
2016-06-21T06:04:04Z,56600.0,8253.33,-28113.33
2016-06-21T06:04:04Z,56600.0,8246.67,-28113.33
2016-06-21T06:04:04Z,56600.0,8246.67,-28106.67
2016-06-21T06:04:04Z,56600.0,8246.67,-28106.67
2016-06-21T06:04:04Z,56600.0,8253.33,-28106.67
2016-06-21T06:04:04Z,56600.0,8253.33,-28106.67
2016-06-21T06:04:04Z,56600.0,8246.67,-28106.67
2016-06-21T06:04:04Z,56600.0,8246.67,-28106.67
2016-06-21T06:04:04Z,56600.0,8246.67,-28106.67
2016-06-21T06:04:04Z,56593.33,8246.67,-28093.33
2016-06-21T06:04:04Z,56600.0,8246.67,-28093.33
2016-06-21T06:04:04Z,56600.0,8246.67,-28093.33
2016-06-21T06:04:04Z,56593.33,8246.67,-28106.67
2016-06-21T06:04:04Z,56600.0,8253.33,-28106.67
2016-06-21T06:04:04Z,56600.0,8253.33,-28106.67
2016-06-21T06:04:04Z,56593.33,8253.33,-28093.33
2016-06-21T06:04:04Z,56600.0,8246.67,-28093.33
2016-06-21T06:04:04Z,56600.0,8246.67,-28093.33
2016-06-21T06:04:04Z,56600.0,8253.33,-28093.33
2016-06-21T06:04:04Z,56593.33,8246.67,-28093.33
2016-06-21T06:04:04Z,56593.33,8246.67,-28093.33
2016-06-21T06:04:04Z,56593.33,8246.67,-28093.33
2016-06-21T06:04:04Z,56600.0,8246.67,-28093.33
2016-06-21T06:04:04Z,56600.0,8246.67,-28093.33
2016-06-21T06:04:04Z,56600.0,8246.67,-28093.33
2016-06-21T06:04:04Z,56593.33,8246.67,-28086.67
2016-06-21T06:04:04Z,56600.0,8246.67,-28086.67
2016-06-21T06:04:04Z,56600.0,8246.67,-28086.67
2016-06-21T06:04:04Z,56606.67,8246.67,-28086.67
2016-06-21T06:04:04Z,56606.67,8246.67,-28086.67
2016-06-21T06:04:04Z,56600.0,8246.67,-28086.67
2016-06-21T06:04:04Z,56600.0,8246.67,-28086.67
2016-06-21T06:04:04Z,56600.0,8253.33,-28093.33
2016-06-21T06:04:04Z,56600.0,8253.33,-28086.67
2016-06-21T06:04:04Z,56600.0,8246.67,-28086.67
2016-06-21T06:04:04Z,56600.0,8246.67,-28086.67
2016-06-21T06:04:04Z,56593.33,8246.67,-28093.33
2016-06-21T06:04:04Z,56593.33,8246.67,-28093.33
2016-06-21T06:04:04Z,56600.0,8246.67,-28086.67
2016-06-21T06:04:04Z,56600.0,8246.67,-28093.33
2016-06-21T06:04:04Z,56600.0,8246.67,-28093.33
2016-06-21T06:04:04Z,56600.0,8246.67,-28086.67
2016-06-21T06:04:04Z,56600.0,8246.67,-28086.67
2016-06-21T06:04:04Z,56600.0,8246.67,-28093.33
2016-06-21T06:04:04Z,56593.33,8253.33,-28093.33
2016-06-21T06:04:04Z,56600.0,8253.33,-28093.33
2016-06-21T06:04:04Z,56600.0,8253.33,-28093.33
2016-06-21T06:04:04Z,56600.0,8253.33,-28093.33
2016-06-21T06:04:04Z,56600.0,8253.33,-28106.67
2016-06-21T06:04:04Z,56606.67,8253.33,-28093.33
2016-06-21T06:04:04Z,56600.0,8253.33,-28093.33
2016-06-21T06:04:04Z,56600.0,8246.67,-28106.67
2016-06-21T06:04:04Z,56600.0,8246.67,-28106.67
2016-06-21T06:04:04Z,56600.0,8253.33,-28093.33
2016-06-21T06:04:04Z,56600.0,8253.33,-28093.33
2016-06-21T06:04:04Z,56600.0,8253.33,-28106.67
2016-06-21T06:04:04Z,56600.0,8253.33,-28106.67
2016-06-21T06:04:04Z,56600.0,8246.67,-28106.67
2016-06-21T06:04:04Z,56593.33,8246.67,-28106.67
2016-06-21T06:04:04Z,56600.0,8253.33,-28106.67
2016-06-21T06:04:04Z,56606.67,8253.33,-28106.67
2016-06-21T06:04:04Z,56600.0,8253.33,-28106.67
2016-06-21T06:04:04Z,56600.0,8246.67,-28106.67
2016-06-21T06:04:04Z,56600.0,8253.33,-28106.67
2016-06-21T06:04:04Z,56600.0,8253.33,-28113.33
2016-06-21T06:04:04Z,56600.0,8253.33,-28113.33
2016-06-21T06:04:04Z,56600.0,8253.33,-28106.67
2016-06-21T06:04:04Z,56606.67,8253.33,-28106.67
2016-06-21T06:04:04Z,56600.0,8253.33,-28113.33
2016-06-21T06:04:04Z,56600.0,8253.33,-28113.33
2016-06-21T06:04:04Z,56600.0,8246.67,-28106.67
2016-06-21T06:04:04Z,56600.0,8246.67,-28106.67
2016-06-21T06:04:04Z,56600.0,8246.67,-28113.33
2016-06-21T06:04:04Z,56600.0,8246.67,-28106.67
2016-06-21T06:04:04Z,56600.0,8253.33,-28106.67
2016-06-21T06:04:04Z,56600.0,8253.33,-28113.33
2016-06-21T06:04:04Z,56600.0,8246.67,-28113.33
2016-06-21T06:04:04Z,56606.67,8246.67,-28113.33
2016-06-21T06:04:04Z,56606.67,8246.67,-28113.33
2016-06-21T06:04:04Z,56606.67,8246.67,-28113.33
2016-06-21T06:04:04Z,56600.0,8253.33,-28106.67
2016-06-21T06:04:04Z,56600.0,8253.33,-28106.67
2016-06-21T06:04:04Z,56600.0,8253.33,-28106.67
2016-06-21T06:04:04Z,56600.0,8253.33,-28106.67
2016-06-21T06:04:04Z,56600.0,8246.67,-28093.33
2016-06-21T06:04:04Z,56600.0,8253.33,-28093.33
2016-06-21T06:04:04Z,56606.67,8253.33,-28093.33
2016-06-21T06:04:04Z,56600.0,8253.33,-28093.33
2016-06-21T06:04:04Z,56593.33,8253.33,-28093.33
2016-06-21T06:04:04Z,56600.0,8253.33,-28093.33
2016-06-21T06:04:04Z,56600.0,8246.67,-28093.33
2016-06-21T06:04:04Z,56600.0,8246.67,-28106.67
2016-06-21T06:04:04Z,56606.67,8246.67,-28106.67
2016-06-21T06:04:04Z,56600.0,8246.67,-28093.33
2016-06-21T06:04:04Z,56600.0,8246.67,-28093.33
2016-06-21T06:04:04Z,56600.0,8246.67,-28093.33
2016-06-21T06:04:04Z,56593.33,8246.67,-28093.33
2016-06-21T06:04:04Z,56593.33,8246.67,-28093.33
2016-06-21T06:04:04Z,56600.0,8246.67,-28086.67
2016-06-21T06:04:04Z,56593.33,8246.67,-28093.33
2016-06-21T06:04:04Z,56600.0,8246.67,-28093.33
2016-06-21T06:04:04Z,56600.0,8246.67,-28093.33
2016-06-21T06:04:04Z,56600.0,8246.67,-28086.67
2016-06-21T06:04:04Z,56600.0,8246.67,-28093.33
2016-06-21T06:04:04Z,56600.0,8246.67,-28086.67
2016-06-21T06:04:04Z,56593.33,8246.67,-28086.67
2016-06-21T06:04:04Z,56600.0,8253.33,-28086.67
2016-06-21T06:04:04Z,56600.0,8246.67,-28086.67
2016-06-21T06:04:04Z,56593.33,8246.67,-28086.67
2016-06-21T06:04:04Z,56593.33,8246.67,-28086.67
2016-06-21T06:04:04Z,56593.33,8246.67,-28086.67
2016-06-21T06:04:04Z,56593.33,8246.67,-28086.67
2016-06-21T06:04:04Z,56593.33,8246.67,-28086.67
2016-06-21T06:04:04Z,56600.0,8246.67,-28086.67
2016-06-21T06:04:04Z,56600.0,8246.67,-28086.67
2016-06-21T06:04:04Z,56600.0,8246.67,-28086.67
2016-06-21T06:04:04Z,56600.0,8246.67,-28086.67
2016-06-21T06:04:04Z,56600.0,8246.67,-28093.33
2016-06-21T06:04:04Z,56600.0,8253.33,-28093.33
2016-06-21T06:04:04Z,56600.0,8253.33,-28093.33
2016-06-21T06:04:04Z,56606.67,8253.33,-28093.33
2016-06-21T06:04:04Z,56600.0,8253.33,-28106.67
2016-06-21T06:04:04Z,56600.0,8253.33,-28106.67
2016-06-21T06:04:05Z,56600.0,8253.33,-28093.33
2016-06-21T06:04:05Z,56600.0,8246.67,-28093.33
2016-06-21T06:04:05Z,56600.0,8246.67,-28093.33
2016-06-21T06:04:05Z,56600.0,8253.33,-28093.33
2016-06-21T06:04:05Z,56600.0,8253.33,-28106.67
2016-06-21T06:04:05Z,56600.0,8253.33,-28093.33
2016-06-21T06:04:05Z,56600.0,8253.33,-28093.33
2016-06-21T06:04:05Z,56600.0,8246.67,-28093.33
2016-06-21T06:04:05Z,56600.0,8246.67,-28093.33
2016-06-21T06:04:05Z,56606.67,8253.33,-28093.33
2016-06-21T06:04:05Z,56606.67,8253.33,-28106.67
2016-06-21T06:04:05Z,56600.0,8253.33,-28106.67
2016-06-21T06:04:05Z,56600.0,8253.33,-28106.67
2016-06-21T06:04:05Z,56600.0,8253.33,-28106.67
2016-06-21T06:04:05Z,56600.0,8253.33,-28106.67
2016-06-21T06:04:05Z,56606.67,8246.67,-28106.67
2016-06-21T06:04:05Z,56600.0,8246.67,-28106.67
2016-06-21T06:04:05Z,56600.0,8246.67,-28106.67
2016-06-21T06:04:05Z,56600.0,8253.33,-28113.33
2016-06-21T06:04:05Z,56600.0,8253.33,-28106.67
2016-06-21T06:04:05Z,56600.0,8246.67,-28106.67
2016-06-21T06:04:05Z,56600.0,8253.33,-28106.67
2016-06-21T06:04:05Z,56600.0,8253.33,-28106.67
2016-06-21T06:04:05Z,56600.0,8253.33,-28106.67
2016-06-21T06:04:05Z,56600.0,8253.33,-28106.67
2016-06-21T06:04:05Z,56600.0,8246.67,-28113.33
2016-06-21T06:04:05Z,56606.67,8253.33,-28113.33
2016-06-21T06:04:05Z,56606.67,8253.33,-28113.33
2016-06-21T06:04:05Z,56600.0,8246.67,-28113.33
2016-06-21T06:04:05Z,56606.67,8253.33,-28106.67
2016-06-21T06:04:05Z,56606.67,8253.33,-28106.67
2016-06-21T06:04:05Z,56600.0,8253.33,-28106.67
2016-06-21T06:04:05Z,56600.0,8253.33,-28106.67
2016-06-21T06:04:05Z,56606.67,8246.67,-28106.67
2016-06-21T06:04:05Z,56600.0,8246.67,-28106.67
2016-06-21T06:04:05Z,56600.0,8246.67,-28106.67
2016-06-21T06:04:05Z,56600.0,8246.67,-28106.67
2016-06-21T06:04:05Z,56600.0,8246.67,-28106.67
2016-06-21T06:04:05Z,56600.0,8246.67,-28106.67
2016-06-21T06:04:05Z,56600.0,8246.67,-28106.67
2016-06-21T06:04:05Z,56600.0,8246.67,-28106.67
2016-06-21T06:04:05Z,56600.0,8246.67,-28093.33
2016-06-21T06:04:05Z,56600.0,8246.67,-28093.33
2016-06-21T06:04:05Z,56600.0,8253.33,-28106.67
2016-06-21T06:04:05Z,56600.0,8253.33,-28106.67
2016-06-21T06:04:05Z,56606.67,8246.67,-28093.33
2016-06-21T06:04:05Z,56600.0,8246.67,-28093.33
2016-06-21T06:04:05Z,56600.0,8246.67,-28093.33
2016-06-21T06:04:05Z,56600.0,8246.67,-28093.33
2016-06-21T06:04:05Z,56600.0,8246.67,-28093.33
2016-06-21T06:04:05Z,56593.33,8246.67,-28093.33
2016-06-21T06:04:05Z,56593.33,8246.67,-28093.33
2016-06-21T06:04:05Z,56600.0,8246.67,-28093.33
2016-06-21T06:04:05Z,56600.0,8246.67,-28093.33
2016-06-21T06:04:05Z,56600.0,8246.67,-28086.67
2016-06-21T06:04:05Z,56593.33,8246.67,-28086.67
2016-06-21T06:04:05Z,56600.0,8246.67,-28086.67
2016-06-21T06:04:05Z,56600.0,8246.67,-28086.67
2016-06-21T06:04:05Z,56600.0,8246.67,-28086.67
2016-06-21T06:04:05Z,56593.33,8246.67,-28093.33
2016-06-21T06:04:05Z,56600.0,8246.67,-28093.33
2016-06-21T06:04:05Z,56600.0,8246.67,-28086.67
2016-06-21T06:04:05Z,56593.33,8246.67,-28086.67
2016-06-21T06:04:05Z,56593.33,8246.67,-28086.67
2016-06-21T06:04:05Z,56600.0,8246.67,-28093.33
2016-06-21T06:04:05Z,56600.0,8246.67,-28086.67
2016-06-21T06:04:05Z,56593.33,8246.67,-28086.67
2016-06-21T06:04:05Z,56593.33,8246.67,-28093.33
2016-06-21T06:04:05Z,56600.0,8246.67,-28093.33
2016-06-21T06:04:05Z,56600.0,8246.67,-28093.33
2016-06-21T06:04:05Z,56600.0,8246.67,-28093.33
2016-06-21T06:04:05Z,56600.0,8246.67,-28093.33
2016-06-21T06:04:05Z,56600.0,8246.67,-28093.33
2016-06-21T06:04:05Z,56600.0,8246.67,-28106.67
2016-06-21T06:04:05Z,56600.0,8253.33,-28093.33
2016-06-21T06:04:05Z,56593.33,8253.33,-28093.33
2016-06-21T06:04:05Z,56600.0,8253.33,-28093.33
2016-06-21T06:04:05Z,56600.0,8253.33,-28093.33
2016-06-21T06:04:05Z,56600.0,8246.67,-28093.33
2016-06-21T06:04:05Z,56600.0,8246.67,-28093.33
2016-06-21T06:04:05Z,56600.0,8253.33,-28106.67
2016-06-21T06:04:05Z,56600.0,8253.33,-28093.33
2016-06-21T06:04:05Z,56600.0,8253.33,-28093.33
2016-06-21T06:04:05Z,56600.0,8253.33,-28106.67
2016-06-21T06:04:05Z,56600.0,8253.33,-28106.67
2016-06-21T06:04:05Z,56600.0,8253.33,-28106.67
2016-06-21T06:04:05Z,56600.0,8253.33,-28106.67
2016-06-21T06:04:05Z,56606.67,8253.33,-28106.67
2016-06-21T06:04:05Z,56606.67,8253.33,-28106.67
2016-06-21T06:04:05Z,56606.67,8253.33,-28106.67
2016-06-21T06:04:05Z,56600.0,8253.33,-28106.67
2016-06-21T06:04:05Z,56600.0,8253.33,-28106.67
2016-06-21T06:04:05Z,56600.0,8253.33,-28106.67
2016-06-21T06:04:05Z,56600.0,8253.33,-28113.33
2016-06-21T06:04:05Z,56600.0,8253.33,-28113.33
2016-06-21T06:04:05Z,56600.0,8253.33,-28113.33
2016-06-21T06:04:05Z,56593.33,8253.33,-28113.33
2016-06-21T06:04:05Z,56600.0,8253.33,-28106.67
2016-06-21T06:04:05Z,56600.0,8246.67,-28106.67
2016-06-21T06:04:05Z,56600.0,8246.67,-28113.33
2016-06-21T06:04:05Z,56606.67,8253.33,-28113.33
2016-06-21T06:04:05Z,56600.0,8253.33,-28113.33
2016-06-21T06:04:05Z,56600.0,8253.33,-28113.33
2016-06-21T06:04:05Z,56606.67,8253.33,-28106.67
2016-06-21T06:04:05Z,56606.67,8253.33,-28106.67
2016-06-21T06:04:05Z,56600.0,8253.33,-28106.67
2016-06-21T06:04:05Z,56600.0,8253.33,-28106.67
2016-06-21T06:04:05Z,56600.0,8246.67,-28106.67
2016-06-21T06:04:05Z,56600.0,8246.67,-28106.67
2016-06-21T06:04:05Z,56600.0,8253.33,-28106.67
2016-06-21T06:04:05Z,56600.0,8253.33,-28106.67
2016-06-21T06:04:05Z,56600.0,8253.33,-28106.67
2016-06-21T06:04:05Z,56593.33,8246.67,-28106.67
2016-06-21T06:04:05Z,56600.0,8246.67,-28106.67
2016-06-21T06:04:05Z,56600.0,8253.33,-28106.67
2016-06-21T06:04:05Z,56600.0,8253.33,-28106.67
2016-06-21T06:04:05Z,56600.0,8246.67,-28106.67
2016-06-21T06:04:05Z,56600.0,8246.67,-28106.67
2016-06-21T06:04:05Z,56600.0,8246.67,-28093.33
2016-06-21T06:04:05Z,56600.0,8253.33,-28093.33
2016-06-21T06:04:05Z,56600.0,8253.33,-28106.67
2016-06-21T06:04:05Z,56600.0,8246.67,-28106.67
2016-06-21T06:04:05Z,56593.33,8246.67,-28106.67
2016-06-21T06:04:06Z,56600.0,8246.67,-28106.67
2016-06-21T06:04:06Z,56600.0,8246.67,-28093.33
2016-06-21T06:04:06Z,56600.0,8246.67,-28093.33
2016-06-21T06:04:06Z,56593.33,8246.67,-28093.33
2016-06-21T06:04:06Z,56593.33,8246.67,-28093.33
2016-06-21T06:04:06Z,56600.0,8246.67,-28093.33
2016-06-21T06:04:06Z,56600.0,8246.67,-28093.33
2016-06-21T06:04:06Z,56600.0,8246.67,-28086.67
2016-06-21T06:04:06Z,56600.0,8246.67,-28086.67
2016-06-21T06:04:06Z,56600.0,8246.67,-28086.67
2016-06-21T06:04:06Z,56593.33,8246.67,-28086.67
2016-06-21T06:04:06Z,56600.0,8246.67,-28086.67
2016-06-21T06:04:06Z,56600.0,8246.67,-28086.67
2016-06-21T06:04:06Z,56600.0,8246.67,-28080.0
2016-06-21T06:04:06Z,56600.0,8246.67,-28080.0
2016-06-21T06:04:06Z,56600.0,8246.67,-28086.67
2016-06-21T06:04:06Z,56593.33,8246.67,-28086.67
2016-06-21T06:04:06Z,56593.33,8246.67,-28086.67
2016-06-21T06:04:06Z,56593.33,8246.67,-28086.67
2016-06-21T06:04:06Z,56593.33,8246.67,-28086.67
2016-06-21T06:04:06Z,56593.33,8253.33,-28093.33
2016-06-21T06:04:06Z,56600.0,8253.33,-28093.33
2016-06-21T06:04:06Z,56600.0,8253.33,-28086.67
2016-06-21T06:04:06Z,56600.0,8253.33,-28086.67
2016-06-21T06:04:06Z,56600.0,8246.67,-28093.33
2016-06-21T06:04:06Z,56600.0,8246.67,-28093.33
2016-06-21T06:04:06Z,56606.67,8246.67,-28093.33
2016-06-21T06:04:06Z,56606.67,8246.67,-28093.33
2016-06-21T06:04:06Z,56600.0,8246.67,-28093.33
2016-06-21T06:04:06Z,56600.0,8246.67,-28093.33
2016-06-21T06:04:06Z,56600.0,8246.67,-28106.67
2016-06-21T06:04:06Z,56600.0,8246.67,-28106.67
2016-06-21T06:04:06Z,56600.0,8246.67,-28106.67
2016-06-21T06:04:06Z,56606.67,8253.33,-28106.67
2016-06-21T06:04:06Z,56600.0,8253.33,-28093.33
2016-06-21T06:04:06Z,56600.0,8253.33,-28093.33
2016-06-21T06:04:06Z,56600.0,8253.33,-28106.67
2016-06-21T06:04:06Z,56600.0,8253.33,-28106.67
2016-06-21T06:04:06Z,56600.0,8246.67,-28106.67
2016-06-21T06:04:06Z,56600.0,8246.67,-28106.67
2016-06-21T06:04:06Z,56600.0,8253.33,-28106.67
2016-06-21T06:04:06Z,56600.0,8253.33,-28106.67
2016-06-21T06:04:06Z,56606.67,8253.33,-28106.67
2016-06-21T06:04:06Z,56606.67,8253.33,-28106.67
2016-06-21T06:04:06Z,56600.0,8253.33,-28106.67
2016-06-21T06:04:06Z,56600.0,8253.33,-28106.67
2016-06-21T06:04:06Z,56600.0,8246.67,-28106.67
2016-06-21T06:04:06Z,56600.0,8246.67,-28113.33
2016-06-21T06:04:06Z,56600.0,8246.67,-28106.67
2016-06-21T06:04:06Z,56600.0,8246.67,-28106.67
2016-06-21T06:04:06Z,56606.67,8253.33,-28113.33
2016-06-21T06:04:06Z,56606.67,8253.33,-28113.33
2016-06-21T06:04:06Z,56600.0,8246.67,-28113.33
2016-06-21T06:04:06Z,56600.0,8246.67,-28113.33
2016-06-21T06:04:06Z,56606.67,8253.33,-28113.33
2016-06-21T06:04:06Z,56606.67,8253.33,-28113.33
2016-06-21T06:04:06Z,56606.67,8253.33,-28113.33
2016-06-21T06:04:06Z,56606.67,8253.33,-28113.33
2016-06-21T06:04:06Z,56606.67,8246.67,-28106.67
2016-06-21T06:04:06Z,56600.0,8253.33,-28106.67
2016-06-21T06:04:06Z,56600.0,8253.33,-28106.67
2016-06-21T06:04:06Z,56600.0,8253.33,-28106.67
2016-06-21T06:04:06Z,56600.0,8246.67,-28106.67
2016-06-21T06:04:06Z,56593.33,8246.67,-28106.67
2016-06-21T06:04:06Z,56593.33,8246.67,-28093.33
2016-06-21T06:04:06Z,56600.0,8246.67,-28093.33
2016-06-21T06:04:06Z,56600.0,8253.33,-28093.33
2016-06-21T06:04:06Z,56600.0,8253.33,-28093.33
2016-06-21T06:04:06Z,56600.0,8246.67,-28093.33
2016-06-21T06:04:06Z,56600.0,8246.67,-28093.33
2016-06-21T06:04:06Z,56606.67,8246.67,-28106.67
2016-06-21T06:04:06Z,56600.0,8253.33,-28106.67
2016-06-21T06:04:06Z,56600.0,8253.33,-28106.67
2016-06-21T06:04:06Z,56600.0,8246.67,-28106.67
2016-06-21T06:04:06Z,56593.33,8246.67,-28106.67
2016-06-21T06:04:06Z,56593.33,8246.67,-28093.33
2016-06-21T06:04:06Z,56600.0,8246.67,-28093.33
2016-06-21T06:04:06Z,56600.0,8246.67,-28093.33
2016-06-21T06:04:06Z,56600.0,8246.67,-28093.33
2016-06-21T06:04:06Z,56600.0,8246.67,-28093.33
2016-06-21T06:04:06Z,56593.33,8246.67,-28093.33
2016-06-21T06:04:06Z,56600.0,8246.67,-28093.33
2016-06-21T06:04:06Z,56600.0,8246.67,-28086.67
2016-06-21T06:04:06Z,56600.0,8246.67,-28086.67
2016-06-21T06:04:06Z,56600.0,8246.67,-28093.33
2016-06-21T06:04:06Z,56600.0,8246.67,-28093.33
2016-06-21T06:04:06Z,56600.0,8246.67,-28093.33
2016-06-21T06:04:06Z,56593.33,8246.67,-28086.67
2016-06-21T06:04:06Z,56600.0,8253.33,-28086.67
2016-06-21T06:04:06Z,56600.0,8253.33,-28086.67
2016-06-21T06:04:06Z,56593.33,8246.67,-28086.67
2016-06-21T06:04:06Z,56593.33,8246.67,-28086.67
2016-06-21T06:04:06Z,56593.33,8246.67,-28086.67
2016-06-21T06:04:06Z,56593.33,8246.67,-28086.67
2016-06-21T06:04:06Z,56600.0,8246.67,-28086.67
2016-06-21T06:04:06Z,56600.0,8246.67,-28086.67
2016-06-21T06:04:06Z,56600.0,8246.67,-28086.67
2016-06-21T06:04:06Z,56600.0,8246.67,-28093.33
2016-06-21T06:04:06Z,56600.0,8246.67,-28093.33
2016-06-21T06:04:06Z,56600.0,8246.67,-28093.33
2016-06-21T06:04:06Z,56600.0,8246.67,-28093.33
2016-06-21T06:04:06Z,56600.0,8246.67,-28093.33
2016-06-21T06:04:06Z,56600.0,8246.67,-28093.33
2016-06-21T06:04:06Z,56600.0,8246.67,-28093.33
2016-06-21T06:04:06Z,56593.33,8253.33,-28093.33
2016-06-21T06:04:06Z,56600.0,8253.33,-28093.33
2016-06-21T06:04:06Z,56600.0,8246.67,-28093.33
2016-06-21T06:04:06Z,56600.0,8246.67,-28093.33
2016-06-21T06:04:06Z,56600.0,8246.67,-28093.33
2016-06-21T06:04:06Z,56600.0,8246.67,-28106.67
2016-06-21T06:04:06Z,56606.67,8253.33,-28106.67
2016-06-21T06:04:06Z,56600.0,8253.33,-28106.67
2016-06-21T06:04:06Z,56600.0,8253.33,-28106.67
2016-06-21T06:04:06Z,56600.0,8253.33,-28093.33
2016-06-21T06:04:06Z,56600.0,8253.33,-28106.67
2016-06-21T06:04:06Z,56600.0,8253.33,-28106.67
2016-06-21T06:04:06Z,56600.0,8253.33,-28106.67
2016-06-21T06:04:06Z,56600.0,8253.33,-28106.67
2016-06-21T06:04:06Z,56600.0,8246.67,-28106.67
2016-06-21T06:04:06Z,56600.0,8246.67,-28106.67
2016-06-21T06:04:06Z,56606.67,8253.33,-28106.67
2016-06-21T06:04:06Z,56606.67,8253.33,-28106.67
2016-06-21T06:04:06Z,56600.0,8253.33,-28113.33
2016-06-21T06:04:07Z,56600.0,8253.33,-28113.33
2016-06-21T06:04:07Z,56600.0,8246.67,-28113.33
2016-06-21T06:04:07Z,56606.67,8246.67,-28113.33
2016-06-21T06:04:07Z,56600.0,8253.33,-28106.67
2016-06-21T06:04:07Z,56606.67,8253.33,-28106.67
2016-06-21T06:04:07Z,56606.67,8246.67,-28113.33
2016-06-21T06:04:07Z,56606.67,8246.67,-28113.33
2016-06-21T06:04:07Z,56600.0,8253.33,-28113.33
2016-06-21T06:04:07Z,56600.0,8253.33,-28113.33
2016-06-21T06:04:07Z,56606.67,8253.33,-28113.33
2016-06-21T06:04:07Z,56606.67,8253.33,-28113.33
2016-06-21T06:04:07Z,56600.0,8246.67,-28113.33
2016-06-21T06:04:07Z,56600.0,8246.67,-28106.67
2016-06-21T06:04:07Z,56600.0,8253.33,-28106.67
2016-06-21T06:04:07Z,56600.0,8253.33,-28106.67
2016-06-21T06:04:07Z,56600.0,8246.67,-28106.67
2016-06-21T06:04:07Z,56600.0,8253.33,-28106.67
2016-06-21T06:04:07Z,56600.0,8253.33,-28106.67
2016-06-21T06:04:07Z,56600.0,8253.33,-28106.67
2016-06-21T06:04:07Z,56593.33,8246.67,-28106.67
2016-06-21T06:04:07Z,56593.33,8246.67,-28106.67
2016-06-21T06:04:07Z,56600.0,8246.67,-28093.33
2016-06-21T06:04:07Z,56600.0,8246.67,-28093.33
2016-06-21T06:04:07Z,56600.0,8246.67,-28093.33
2016-06-21T06:04:07Z,56600.0,8246.67,-28093.33
2016-06-21T06:04:07Z,56600.0,8246.67,-28093.33
2016-06-21T06:04:07Z,56600.0,8253.33,-28093.33
2016-06-21T06:04:07Z,56606.67,8246.67,-28093.33
2016-06-21T06:04:07Z,56600.0,8246.67,-28093.33
2016-06-21T06:04:07Z,56600.0,8246.67,-28093.33
2016-06-21T06:04:07Z,56600.0,8246.67,-28093.33
2016-06-21T06:04:07Z,56606.67,8246.67,-28093.33
2016-06-21T06:04:07Z,56606.67,8246.67,-28093.33
2016-06-21T06:04:07Z,56600.0,8253.33,-28093.33
2016-06-21T06:04:07Z,56600.0,8253.33,-28086.67
2016-06-21T06:04:07Z,56600.0,8253.33,-28086.67
2016-06-21T06:04:07Z,56600.0,8253.33,-28086.67
2016-06-21T06:04:07Z,56593.33,8246.67,-28086.67
2016-06-21T06:04:07Z,56593.33,8246.67,-28086.67
2016-06-21T06:04:07Z,56600.0,8246.67,-28086.67
2016-06-21T06:04:07Z,56600.0,8246.67,-28086.67
2016-06-21T06:04:07Z,56600.0,8246.67,-28086.67
2016-06-21T06:04:07Z,56600.0,8246.67,-28086.67
2016-06-21T06:04:07Z,56593.33,8246.67,-28086.67
2016-06-21T06:04:07Z,56593.33,8246.67,-28086.67
2016-06-21T06:04:07Z,56600.0,8246.67,-28086.67
2016-06-21T06:04:07Z,56600.0,8246.67,-28086.67
2016-06-21T06:04:07Z,56600.0,8246.67,-28093.33
2016-06-21T06:04:07Z,56593.33,8246.67,-28093.33
2016-06-21T06:04:07Z,56593.33,8246.67,-28093.33
2016-06-21T06:04:07Z,56600.0,8246.67,-28093.33
2016-06-21T06:04:07Z,56600.0,8246.67,-28093.33
2016-06-21T06:04:07Z,56600.0,8246.67,-28086.67
2016-06-21T06:04:07Z,56600.0,8246.67,-28093.33
2016-06-21T06:04:07Z,56600.0,8253.33,-28093.33
2016-06-21T06:04:07Z,56600.0,8253.33,-28093.33
2016-06-21T06:04:07Z,56600.0,8246.67,-28106.67
2016-06-21T06:04:07Z,56600.0,8246.67,-28106.67
2016-06-21T06:04:07Z,56600.0,8246.67,-28093.33
2016-06-21T06:04:07Z,56600.0,8246.67,-28093.33
2016-06-21T06:04:07Z,56593.33,8246.67,-28106.67
2016-06-21T06:04:07Z,56600.0,8253.33,-28106.67
2016-06-21T06:04:07Z,56600.0,8253.33,-28106.67
2016-06-21T06:04:07Z,56600.0,8253.33,-28093.33
2016-06-21T06:04:07Z,56600.0,8253.33,-28093.33
2016-06-21T06:04:07Z,56600.0,8253.33,-28106.67
2016-06-21T06:04:07Z,56600.0,8246.67,-28106.67
2016-06-21T06:04:07Z,56600.0,8246.67,-28106.67
2016-06-21T06:04:07Z,56606.67,8253.33,-28106.67
2016-06-21T06:04:07Z,56606.67,8253.33,-28106.67
2016-06-21T06:04:07Z,56600.0,8253.33,-28106.67
2016-06-21T06:04:07Z,56600.0,8253.33,-28113.33
2016-06-21T06:04:07Z,56600.0,8253.33,-28106.67
2016-06-21T06:04:07Z,56600.0,8253.33,-28106.67
2016-06-21T06:04:07Z,56606.67,8253.33,-28106.67
2016-06-21T06:04:07Z,56600.0,8253.33,-28113.33
2016-06-21T06:04:07Z,56600.0,8253.33,-28113.33
2016-06-21T06:04:07Z,56600.0,8253.33,-28113.33
2016-06-21T06:04:07Z,56600.0,8246.67,-28113.33
2016-06-21T06:04:07Z,56600.0,8246.67,-28113.33
2016-06-21T06:04:07Z,56600.0,8253.33,-28113.33
2016-06-21T06:04:07Z,56606.67,8246.67,-28113.33
2016-06-21T06:04:07Z,56606.67,8246.67,-28113.33
2016-06-21T06:04:07Z,56606.67,8253.33,-28113.33
2016-06-21T06:04:07Z,56600.0,8253.33,-28113.33
2016-06-21T06:04:07Z,56600.0,8253.33,-28113.33
2016-06-21T06:04:07Z,56600.0,8253.33,-28113.33
2016-06-21T06:04:07Z,56600.0,8253.33,-28106.67
2016-06-21T06:04:07Z,56600.0,8246.67,-28106.67
2016-06-21T06:04:07Z,56600.0,8246.67,-28106.67
2016-06-21T06:04:07Z,56606.67,8246.67,-28113.33
2016-06-21T06:04:07Z,56600.0,8253.33,-28106.67
2016-06-21T06:04:07Z,56600.0,8253.33,-28106.67
2016-06-21T06:04:07Z,56600.0,8253.33,-28106.67
2016-06-21T06:04:07Z,56593.33,8253.33,-28106.67
2016-06-21T06:04:07Z,56593.33,8253.33,-28106.67
2016-06-21T06:04:07Z,56593.33,8253.33,-28093.33
2016-06-21T06:04:07Z,56600.0,8246.67,-28093.33
2016-06-21T06:04:07Z,56600.0,8246.67,-28093.33
2016-06-21T06:04:07Z,56600.0,8253.33,-28093.33
2016-06-21T06:04:07Z,56600.0,8253.33,-28106.67
2016-06-21T06:04:07Z,56600.0,8246.67,-28106.67
2016-06-21T06:04:07Z,56600.0,8246.67,-28093.33
2016-06-21T06:04:07Z,56606.67,8253.33,-28093.33
2016-06-21T06:04:07Z,56606.67,8253.33,-28093.33
2016-06-21T06:04:07Z,56606.67,8253.33,-28093.33
2016-06-21T06:04:07Z,56600.0,8253.33,-28093.33
2016-06-21T06:04:07Z,56600.0,8246.67,-28093.33
2016-06-21T06:04:07Z,56593.33,8246.67,-28093.33
2016-06-21T06:04:07Z,56600.0,8246.67,-28093.33
2016-06-21T06:04:07Z,56600.0,8253.33,-28093.33
2016-06-21T06:04:07Z,56600.0,8253.33,-28093.33
2016-06-21T06:04:07Z,56600.0,8253.33,-28093.33
2016-06-21T06:04:07Z,56600.0,8246.67,-28093.33
2016-06-21T06:04:07Z,56600.0,8246.67,-28086.67
2016-06-21T06:04:07Z,56600.0,8246.67,-28086.67
2016-06-21T06:04:07Z,56593.33,8246.67,-28086.67
2016-06-21T06:04:07Z,56600.0,8246.67,-28086.67
2016-06-21T06:04:07Z,56600.0,8246.67,-28086.67
2016-06-21T06:04:07Z,56606.67,8246.67,-28086.67
2016-06-21T06:04:07Z,56600.0,8246.67,-28086.67
2016-06-21T06:04:07Z,56593.33,8246.67,-28086.67
2016-06-21T06:04:07Z,56593.33,8246.67,-28086.67
2016-06-21T06:04:08Z,56600.0,8246.67,-28086.67
2016-06-21T06:04:08Z,56600.0,8253.33,-28093.33
2016-06-21T06:04:08Z,56593.33,8246.67,-28093.33
2016-06-21T06:04:08Z,56593.33,8246.67,-28086.67
2016-06-21T06:04:08Z,56593.33,8246.67,-28093.33
2016-06-21T06:04:08Z,56600.0,8246.67,-28093.33
2016-06-21T06:04:08Z,56600.0,8246.67,-28093.33
2016-06-21T06:04:08Z,56600.0,8246.67,-28093.33
2016-06-21T06:04:08Z,56600.0,8246.67,-28093.33
2016-06-21T06:04:08Z,56600.0,8246.67,-28106.67
2016-06-21T06:04:08Z,56600.0,8246.67,-28093.33
2016-06-21T06:04:08Z,56600.0,8246.67,-28093.33
2016-06-21T06:04:08Z,56606.67,8246.67,-28106.67
2016-06-21T06:04:08Z,56606.67,8253.33,-28093.33
2016-06-21T06:04:08Z,56600.0,8246.67,-28093.33
2016-06-21T06:04:08Z,56600.0,8246.67,-28106.67
2016-06-21T06:04:08Z,56600.0,8253.33,-28106.67
2016-06-21T06:04:08Z,56600.0,8253.33,-28106.67
2016-06-21T06:04:08Z,56600.0,8253.33,-28106.67
2016-06-21T06:04:08Z,56600.0,8253.33,-28106.67
2016-06-21T06:04:08Z,56600.0,8253.33,-28106.67
2016-06-21T06:04:08Z,56600.0,8253.33,-28106.67
2016-06-21T06:04:08Z,56600.0,8246.67,-28106.67
2016-06-21T06:04:08Z,56600.0,8246.67,-28106.67
2016-06-21T06:04:08Z,56600.0,8246.67,-28106.67
2016-06-21T06:04:08Z,56606.67,8246.67,-28106.67
2016-06-21T06:04:08Z,56600.0,8246.67,-28106.67
2016-06-21T06:04:08Z,56600.0,8246.67,-28106.67
2016-06-21T06:04:08Z,56600.0,8253.33,-28113.33
2016-06-21T06:04:08Z,56600.0,8253.33,-28113.33
2016-06-21T06:04:08Z,56606.67,8253.33,-28113.33
2016-06-21T06:04:08Z,56606.67,8246.67,-28113.33
2016-06-21T06:04:08Z,56606.67,8246.67,-28113.33
2016-06-21T06:04:08Z,56600.0,8246.67,-28113.33
2016-06-21T06:04:08Z,56600.0,8253.33,-28106.67
2016-06-21T06:04:08Z,56600.0,8253.33,-28106.67
2016-06-21T06:04:08Z,56606.67,8253.33,-28113.33
2016-06-21T06:04:08Z,56606.67,8253.33,-28113.33
2016-06-21T06:04:08Z,56606.67,8253.33,-28113.33
2016-06-21T06:04:08Z,56606.67,8253.33,-28113.33
2016-06-21T06:04:08Z,56600.0,8253.33,-28106.67
2016-06-21T06:04:08Z,56600.0,8253.33,-28106.67
2016-06-21T06:04:08Z,56600.0,8253.33,-28106.67
2016-06-21T06:04:08Z,56600.0,8246.67,-28106.67
2016-06-21T06:04:08Z,56606.67,8246.67,-28106.67
2016-06-21T06:04:08Z,56606.67,8246.67,-28106.67
2016-06-21T06:04:08Z,56606.67,8246.67,-28106.67
2016-06-21T06:04:08Z,56606.67,8246.67,-28106.67
2016-06-21T06:04:08Z,56600.0,8246.67,-28106.67
2016-06-21T06:04:08Z,56600.0,8246.67,-28106.67
2016-06-21T06:04:08Z,56600.0,8246.67,-28106.67
2016-06-21T06:04:08Z,56600.0,8253.33,-28106.67
2016-06-21T06:04:08Z,56593.33,8253.33,-28093.33
2016-06-21T06:04:08Z,56593.33,8253.33,-28093.33
2016-06-21T06:04:08Z,56600.0,8246.67,-28093.33
2016-06-21T06:04:08Z,56600.0,8253.33,-28093.33
2016-06-21T06:04:08Z,56606.67,8253.33,-28106.67
2016-06-21T06:04:08Z,56600.0,8253.33,-28093.33
2016-06-21T06:04:08Z,56600.0,8246.67,-28093.33
2016-06-21T06:04:08Z,56600.0,8246.67,-28093.33
2016-06-21T06:04:08Z,56600.0,8246.67,-28093.33
2016-06-21T06:04:08Z,56600.0,8246.67,-28093.33
2016-06-21T06:04:08Z,56600.0,8246.67,-28093.33
2016-06-21T06:04:08Z,56600.0,8246.67,-28086.67
2016-06-21T06:04:08Z,56600.0,8246.67,-28086.67
2016-06-21T06:04:08Z,56600.0,8246.67,-28086.67
2016-06-21T06:04:08Z,56593.33,8253.33,-28086.67
2016-06-21T06:04:08Z,56593.33,8253.33,-28093.33
2016-06-21T06:04:08Z,56600.0,8246.67,-28093.33
2016-06-21T06:04:08Z,56600.0,8246.67,-28086.67
2016-06-21T06:04:08Z,56600.0,8253.33,-28086.67
2016-06-21T06:04:08Z,56600.0,8253.33,-28093.33
2016-06-21T06:04:08Z,56600.0,8246.67,-28093.33
2016-06-21T06:04:08Z,56593.33,8246.67,-28086.67
2016-06-21T06:04:08Z,56593.33,8246.67,-28086.67
2016-06-21T06:04:08Z,56593.33,8246.67,-28093.33
2016-06-21T06:04:08Z,56593.33,8253.33,-28093.33
2016-06-21T06:04:08Z,56600.0,8253.33,-28093.33
2016-06-21T06:04:08Z,56600.0,8253.33,-28093.33
2016-06-21T06:04:08Z,56600.0,8246.67,-28093.33
2016-06-21T06:04:08Z,56593.33,8246.67,-28093.33
2016-06-21T06:04:08Z,56593.33,8246.67,-28093.33
2016-06-21T06:04:08Z,56600.0,8253.33,-28093.33
2016-06-21T06:04:08Z,56600.0,8253.33,-28093.33
2016-06-21T06:04:08Z,56600.0,8246.67,-28093.33
2016-06-21T06:04:08Z,56600.0,8246.67,-28093.33
2016-06-21T06:04:08Z,56600.0,8246.67,-28093.33
2016-06-21T06:04:08Z,56600.0,8253.33,-28093.33
2016-06-21T06:04:08Z,56593.33,8246.67,-28093.33
2016-06-21T06:04:08Z,56593.33,8246.67,-28106.67
2016-06-21T06:04:08Z,56600.0,8253.33,-28106.67
2016-06-21T06:04:08Z,56606.67,8253.33,-28106.67
2016-06-21T06:04:08Z,56600.0,8246.67,-28106.67
2016-06-21T06:04:08Z,56600.0,8246.67,-28106.67
2016-06-21T06:04:08Z,56600.0,8253.33,-28106.67
2016-06-21T06:04:08Z,56606.67,8246.67,-28106.67
2016-06-21T06:04:08Z,56600.0,8246.67,-28106.67
2016-06-21T06:04:08Z,56600.0,8253.33,-28106.67
2016-06-21T06:04:08Z,56600.0,8253.33,-28106.67
2016-06-21T06:04:08Z,56600.0,8253.33,-28106.67
2016-06-21T06:04:08Z,56606.67,8253.33,-28106.67
2016-06-21T06:04:08Z,56606.67,8253.33,-28106.67
2016-06-21T06:04:08Z,56600.0,8246.67,-28106.67
2016-06-21T06:04:08Z,56600.0,8246.67,-28106.67
2016-06-21T06:04:08Z,56606.67,8253.33,-28113.33
2016-06-21T06:04:08Z,56606.67,8253.33,-28113.33
2016-06-21T06:04:08Z,56600.0,8253.33,-28113.33
2016-06-21T06:04:08Z,56600.0,8253.33,-28113.33
2016-06-21T06:04:08Z,56606.67,8246.67,-28113.33
2016-06-21T06:04:08Z,56606.67,8246.67,-28113.33
2016-06-21T06:04:08Z,56600.0,8253.33,-28113.33
2016-06-21T06:04:08Z,56600.0,8253.33,-28113.33
2016-06-21T06:04:08Z,56600.0,8253.33,-28113.33
2016-06-21T06:04:08Z,56600.0,8246.67,-28106.67
2016-06-21T06:04:08Z,56600.0,8246.67,-28106.67
2016-06-21T06:04:08Z,56600.0,8246.67,-28106.67
2016-06-21T06:04:08Z,56600.0,8246.67,-28106.67
2016-06-21T06:04:08Z,56600.0,8253.33,-28106.67
2016-06-21T06:04:08Z,56606.67,8253.33,-28106.67
2016-06-21T06:04:08Z,56606.67,8253.33,-28106.67
2016-06-21T06:04:08Z,56600.0,8253.33,-28093.33
2016-06-21T06:04:08Z,56600.0,8253.33,-28093.33
2016-06-21T06:04:08Z,56600.0,8253.33,-28106.67
2016-06-21T06:04:09Z,56600.0,8253.33,-28106.67
2016-06-21T06:04:09Z,56600.0,8246.67,-28093.33
2016-06-21T06:04:09Z,56606.67,8246.67,-28093.33
2016-06-21T06:04:09Z,56600.0,8253.33,-28093.33
2016-06-21T06:04:09Z,56600.0,8253.33,-28093.33
2016-06-21T06:04:09Z,56606.67,8246.67,-28093.33
2016-06-21T06:04:09Z,56606.67,8246.67,-28093.33
2016-06-21T06:04:09Z,56606.67,8246.67,-28093.33
2016-06-21T06:04:09Z,56600.0,8246.67,-28093.33
2016-06-21T06:04:09Z,56600.0,8253.33,-28093.33
2016-06-21T06:04:09Z,56606.67,8246.67,-28093.33
2016-06-21T06:04:09Z,56600.0,8246.67,-28093.33
2016-06-21T06:04:09Z,56593.33,8246.67,-28086.67
2016-06-21T06:04:09Z,56600.0,8246.67,-28086.67
2016-06-21T06:04:09Z,56600.0,8246.67,-28093.33
2016-06-21T06:04:09Z,56600.0,8246.67,-28093.33
2016-06-21T06:04:09Z,56600.0,8253.33,-28093.33
2016-06-21T06:04:09Z,56600.0,8246.67,-28093.33
2016-06-21T06:04:09Z,56600.0,8246.67,-28086.67
2016-06-21T06:04:09Z,56600.0,8246.67,-28086.67
2016-06-21T06:04:09Z,56600.0,8246.67,-28086.67
2016-06-21T06:04:09Z,56593.33,8253.33,-28093.33
2016-06-21T06:04:09Z,56600.0,8253.33,-28086.67
2016-06-21T06:04:09Z,56600.0,8253.33,-28086.67
2016-06-21T06:04:09Z,56593.33,8246.67,-28086.67
2016-06-21T06:04:09Z,56593.33,8246.67,-28086.67
2016-06-21T06:04:09Z,56593.33,8246.67,-28093.33
2016-06-21T06:04:09Z,56593.33,8246.67,-28093.33
2016-06-21T06:04:09Z,56600.0,8246.67,-28093.33
2016-06-21T06:04:09Z,56600.0,8253.33,-28093.33
2016-06-21T06:04:09Z,56600.0,8246.67,-28093.33
2016-06-21T06:04:09Z,56600.0,8246.67,-28093.33
2016-06-21T06:04:09Z,56600.0,8246.67,-28093.33
2016-06-21T06:04:09Z,56600.0,8246.67,-28093.33
2016-06-21T06:04:09Z,56600.0,8246.67,-28093.33
2016-06-21T06:04:09Z,56600.0,8246.67,-28093.33
2016-06-21T06:04:09Z,56600.0,8246.67,-28093.33
2016-06-21T06:04:09Z,56606.67,8246.67,-28093.33
2016-06-21T06:04:09Z,56606.67,8246.67,-28093.33
2016-06-21T06:04:09Z,56600.0,8253.33,-28093.33
2016-06-21T06:04:09Z,56600.0,8253.33,-28093.33
2016-06-21T06:04:09Z,56600.0,8253.33,-28106.67
2016-06-21T06:04:09Z,56600.0,8253.33,-28093.33
2016-06-21T06:04:09Z,56600.0,8253.33,-28093.33
2016-06-21T06:04:09Z,56606.67,8246.67,-28106.67
2016-06-21T06:04:09Z,56600.0,8246.67,-28106.67
2016-06-21T06:04:09Z,56600.0,8246.67,-28106.67
2016-06-21T06:04:09Z,56600.0,8246.67,-28106.67
2016-06-21T06:04:09Z,56593.33,8253.33,-28106.67
2016-06-21T06:04:09Z,56600.0,8253.33,-28106.67
2016-06-21T06:04:09Z,56600.0,8253.33,-28106.67
2016-06-21T06:04:09Z,56600.0,8253.33,-28106.67
2016-06-21T06:04:09Z,56600.0,8253.33,-28113.33
2016-06-21T06:04:09Z,56606.67,8253.33,-28113.33
2016-06-21T06:04:09Z,56606.67,8253.33,-28113.33
2016-06-21T06:04:09Z,56593.33,8246.67,-28106.67
2016-06-21T06:04:09Z,56600.0,8253.33,-28106.67
2016-06-21T06:04:09Z,56600.0,8253.33,-28113.33
2016-06-21T06:04:09Z,56606.67,8253.33,-28113.33
2016-06-21T06:04:09Z,56606.67,8253.33,-28113.33
2016-06-21T06:04:09Z,56606.67,8253.33,-28106.67
2016-06-21T06:04:09Z,56600.0,8253.33,-28106.67
2016-06-21T06:04:09Z,56606.67,8253.33,-28106.67
2016-06-21T06:04:09Z,56606.67,8253.33,-28113.33
2016-06-21T06:04:09Z,56606.67,8253.33,-28113.33
2016-06-21T06:04:09Z,56606.67,8253.33,-28113.33
2016-06-21T06:04:09Z,56600.0,8253.33,-28106.67
2016-06-21T06:04:09Z,56606.67,8253.33,-28106.67
2016-06-21T06:04:09Z,56606.67,8246.67,-28106.67
2016-06-21T06:04:09Z,56606.67,8246.67,-28106.67
2016-06-21T06:04:09Z,56606.67,8253.33,-28106.67
2016-06-21T06:04:09Z,56600.0,8253.33,-28106.67
2016-06-21T06:04:09Z,56600.0,8253.33,-28106.67
2016-06-21T06:04:09Z,56600.0,8253.33,-28106.67
2016-06-21T06:04:09Z,56600.0,8253.33,-28106.67
2016-06-21T06:04:09Z,56600.0,8253.33,-28106.67
2016-06-21T06:04:09Z,56600.0,8253.33,-28106.67
2016-06-21T06:04:09Z,56600.0,8246.67,-28106.67
2016-06-21T06:04:09Z,56606.67,8253.33,-28106.67
2016-06-21T06:04:09Z,56600.0,8253.33,-28106.67
2016-06-21T06:04:09Z,56600.0,8246.67,-28106.67
2016-06-21T06:04:09Z,56600.0,8253.33,-28106.67
2016-06-21T06:04:09Z,56600.0,8253.33,-28106.67
2016-06-21T06:04:09Z,56593.33,8246.67,-28106.67
2016-06-21T06:04:09Z,56593.33,8246.67,-28093.33
2016-06-21T06:04:09Z,56600.0,8246.67,-28093.33
2016-06-21T06:04:09Z,56600.0,8246.67,-28093.33
2016-06-21T06:04:09Z,56600.0,8246.67,-28093.33
2016-06-21T06:04:09Z,56600.0,8246.67,-28093.33
2016-06-21T06:04:09Z,56600.0,8246.67,-28093.33
2016-06-21T06:04:09Z,56600.0,8246.67,-28086.67
2016-06-21T06:04:09Z,56600.0,8240.0,-28086.67
2016-06-21T06:04:09Z,56600.0,8246.67,-28093.33
2016-06-21T06:04:09Z,56600.0,8246.67,-28093.33
2016-06-21T06:04:09Z,56600.0,8246.67,-28093.33
2016-06-21T06:04:09Z,56600.0,8246.67,-28086.67
2016-06-21T06:04:09Z,56600.0,8246.67,-28086.67
2016-06-21T06:04:09Z,56600.0,8246.67,-28086.67
2016-06-21T06:04:09Z,56600.0,8246.67,-28093.33
2016-06-21T06:04:09Z,56600.0,8246.67,-28086.67
2016-06-21T06:04:09Z,56600.0,8246.67,-28086.67
2016-06-21T06:04:09Z,56600.0,8246.67,-28086.67
2016-06-21T06:04:09Z,56600.0,8246.67,-28080.0
2016-06-21T06:04:09Z,56600.0,8253.33,-28080.0
2016-06-21T06:04:09Z,56600.0,8253.33,-28086.67
2016-06-21T06:04:09Z,56600.0,8253.33,-28086.67
2016-06-21T06:04:09Z,56600.0,8253.33,-28093.33
2016-06-21T06:04:09Z,56600.0,8246.67,-28093.33
2016-06-21T06:04:09Z,56593.33,8246.67,-28093.33
2016-06-21T06:04:09Z,56600.0,8246.67,-28093.33
2016-06-21T06:04:09Z,56600.0,8246.67,-28093.33
2016-06-21T06:04:09Z,56600.0,8253.33,-28093.33
2016-06-21T06:04:09Z,56600.0,8253.33,-28093.33
2016-06-21T06:04:09Z,56593.33,8253.33,-28093.33
2016-06-21T06:04:09Z,56593.33,8253.33,-28093.33
2016-06-21T06:04:09Z,56600.0,8246.67,-28093.33
2016-06-21T06:04:09Z,56600.0,8246.67,-28106.67
2016-06-21T06:04:09Z,56600.0,8246.67,-28093.33
2016-06-21T06:04:09Z,56600.0,8246.67,-28093.33
2016-06-21T06:04:09Z,56600.0,8253.33,-28106.67
2016-06-21T06:04:09Z,56606.67,8253.33,-28113.33
2016-06-21T06:04:09Z,56606.67,8246.67,-28106.67
2016-06-21T06:04:09Z,56600.0,8246.67,-28106.67
2016-06-21T06:04:10Z,56606.67,8253.33,-28106.67
2016-06-21T06:04:10Z,56606.67,8253.33,-28106.67
2016-06-21T06:04:10Z,56600.0,8246.67,-28106.67
2016-06-21T06:04:10Z,56593.33,8246.67,-28106.67
2016-06-21T06:04:10Z,56593.33,8246.67,-28106.67
2016-06-21T06:04:10Z,56600.0,8253.33,-28106.67
2016-06-21T06:04:10Z,56593.33,8246.67,-28106.67
2016-06-21T06:04:10Z,56600.0,8246.67,-28106.67
2016-06-21T06:04:10Z,56606.67,8253.33,-28113.33
2016-06-21T06:04:10Z,56606.67,8253.33,-28113.33
2016-06-21T06:04:10Z,56600.0,8246.67,-28113.33
2016-06-21T06:04:10Z,56600.0,8246.67,-28113.33
2016-06-21T06:04:10Z,56600.0,8253.33,-28106.67
2016-06-21T06:04:10Z,56606.67,8253.33,-28106.67
2016-06-21T06:04:10Z,56606.67,8253.33,-28106.67
2016-06-21T06:04:10Z,56606.67,8253.33,-28106.67
2016-06-21T06:04:10Z,56600.0,8253.33,-28113.33
2016-06-21T06:04:10Z,56600.0,8253.33,-28113.33
2016-06-21T06:04:10Z,56606.67,8253.33,-28106.67
2016-06-21T06:04:10Z,56600.0,8253.33,-28106.67
2016-06-21T06:04:10Z,56600.0,8253.33,-28113.33
2016-06-21T06:04:10Z,56600.0,8253.33,-28106.67
2016-06-21T06:04:10Z,56606.67,8253.33,-28106.67
2016-06-21T06:04:10Z,56606.67,8253.33,-28106.67
2016-06-21T06:04:10Z,56600.0,8246.67,-28106.67
2016-06-21T06:04:10Z,56600.0,8246.67,-28106.67
2016-06-21T06:04:10Z,56606.67,8253.33,-28106.67
2016-06-21T06:04:10Z,56600.0,8246.67,-28106.67
2016-06-21T06:04:10Z,56600.0,8246.67,-28106.67
2016-06-21T06:04:10Z,56600.0,8253.33,-28106.67
2016-06-21T06:04:10Z,56600.0,8246.67,-28106.67
2016-06-21T06:04:10Z,56600.0,8246.67,-28106.67
2016-06-21T06:04:10Z,56600.0,8246.67,-28093.33
2016-06-21T06:04:10Z,56600.0,8246.67,-28093.33
2016-06-21T06:04:10Z,56606.67,8253.33,-28106.67
2016-06-21T06:04:10Z,56600.0,8253.33,-28106.67
2016-06-21T06:04:10Z,56600.0,8253.33,-28093.33
2016-06-21T06:04:10Z,56600.0,8253.33,-28093.33
2016-06-21T06:04:10Z,56600.0,8253.33,-28106.67
2016-06-21T06:04:10Z,56600.0,8253.33,-28093.33
2016-06-21T06:04:10Z,56600.0,8253.33,-28093.33
2016-06-21T06:04:10Z,56600.0,8253.33,-28093.33
2016-06-21T06:04:10Z,56600.0,8246.67,-28093.33
2016-06-21T06:04:10Z,56600.0,8246.67,-28093.33
2016-06-21T06:04:10Z,56600.0,8246.67,-28093.33
2016-06-21T06:04:10Z,56600.0,8246.67,-28086.67
2016-06-21T06:04:10Z,56593.33,8246.67,-28086.67
2016-06-21T06:04:10Z,56600.0,8246.67,-28093.33
2016-06-21T06:04:10Z,56600.0,8246.67,-28086.67
2016-06-21T06:04:10Z,56593.33,8246.67,-28086.67
2016-06-21T06:04:10Z,56593.33,8246.67,-28086.67
2016-06-21T06:04:10Z,56593.33,8246.67,-28086.67
2016-06-21T06:04:10Z,56600.0,8246.67,-28086.67
2016-06-21T06:04:10Z,56600.0,8246.67,-28086.67
2016-06-21T06:04:10Z,56593.33,8253.33,-28086.67
2016-06-21T06:04:10Z,56593.33,8253.33,-28086.67
2016-06-21T06:04:10Z,56600.0,8246.67,-28086.67
2016-06-21T06:04:10Z,56600.0,8246.67,-28086.67
2016-06-21T06:04:10Z,56593.33,8253.33,-28086.67
2016-06-21T06:04:10Z,56600.0,8253.33,-28093.33
2016-06-21T06:04:10Z,56600.0,8246.67,-28093.33
2016-06-21T06:04:10Z,56600.0,8246.67,-28093.33
2016-06-21T06:04:10Z,56600.0,8246.67,-28093.33
2016-06-21T06:04:10Z,56600.0,8246.67,-28106.67
2016-06-21T06:04:10Z,56600.0,8253.33,-28106.67
2016-06-21T06:04:10Z,56600.0,8253.33,-28093.33
2016-06-21T06:04:10Z,56600.0,8253.33,-28093.33
2016-06-21T06:04:10Z,56600.0,8253.33,-28093.33
2016-06-21T06:04:10Z,56600.0,8253.33,-28093.33
2016-06-21T06:04:10Z,56600.0,8253.33,-28106.67
2016-06-21T06:04:10Z,56600.0,8253.33,-28106.67
2016-06-21T06:04:10Z,56600.0,8253.33,-28106.67
2016-06-21T06:04:10Z,56600.0,8246.67,-28106.67
2016-06-21T06:04:10Z,56600.0,8246.67,-28106.67
2016-06-21T06:04:10Z,56600.0,8253.33,-28106.67
2016-06-21T06:04:10Z,56600.0,8246.67,-28106.67
2016-06-21T06:04:10Z,56600.0,8246.67,-28106.67
2016-06-21T06:04:10Z,56600.0,8246.67,-28106.67
2016-06-21T06:04:10Z,56600.0,8246.67,-28106.67
2016-06-21T06:04:10Z,56600.0,8253.33,-28106.67
2016-06-21T06:04:10Z,56600.0,8253.33,-28106.67
2016-06-21T06:04:10Z,56600.0,8253.33,-28106.67
2016-06-21T06:04:10Z,56600.0,8253.33,-28106.67
2016-06-21T06:04:10Z,56600.0,8253.33,-28106.67
2016-06-21T06:04:10Z,56600.0,8253.33,-28113.33
2016-06-21T06:04:10Z,56600.0,8253.33,-28113.33
2016-06-21T06:04:10Z,56600.0,8253.33,-28113.33
2016-06-21T06:04:10Z,56600.0,8246.67,-28113.33
2016-06-21T06:04:10Z,56600.0,8246.67,-28113.33
2016-06-21T06:04:10Z,56600.0,8253.33,-28113.33
2016-06-21T06:04:10Z,56606.67,8253.33,-28106.67
2016-06-21T06:04:10Z,56606.67,8253.33,-28106.67
2016-06-21T06:04:10Z,56606.67,8253.33,-28113.33
2016-06-21T06:04:10Z,56606.67,8253.33,-28113.33
2016-06-21T06:04:10Z,56600.0,8253.33,-28113.33
2016-06-21T06:04:10Z,56600.0,8253.33,-28113.33
2016-06-21T06:04:10Z,56600.0,8253.33,-28113.33
2016-06-21T06:04:10Z,56600.0,8253.33,-28106.67
2016-06-21T06:04:10Z,56600.0,8246.67,-28106.67
2016-06-21T06:04:10Z,56600.0,8246.67,-28106.67
2016-06-21T06:04:10Z,56606.67,8253.33,-28106.67
2016-06-21T06:04:10Z,56606.67,8253.33,-28106.67
2016-06-21T06:04:10Z,56593.33,8246.67,-28106.67
2016-06-21T06:04:10Z,56593.33,8246.67,-28106.67
2016-06-21T06:04:10Z,56600.0,8253.33,-28106.67
2016-06-21T06:04:10Z,56600.0,8253.33,-28106.67
2016-06-21T06:04:10Z,56600.0,8253.33,-28106.67
2016-06-21T06:04:10Z,56600.0,8253.33,-28106.67
2016-06-21T06:04:10Z,56600.0,8246.67,-28106.67
2016-06-21T06:04:10Z,56600.0,8246.67,-28093.33
2016-06-21T06:04:10Z,56600.0,8246.67,-28093.33
2016-06-21T06:04:10Z,56600.0,8246.67,-28093.33
2016-06-21T06:04:10Z,56600.0,8246.67,-28093.33
2016-06-21T06:04:10Z,56600.0,8246.67,-28093.33
2016-06-21T06:04:10Z,56593.33,8253.33,-28093.33
2016-06-21T06:04:10Z,56593.33,8253.33,-28086.67
2016-06-21T06:04:10Z,56600.0,8253.33,-28086.67
2016-06-21T06:04:10Z,56600.0,8253.33,-28093.33
2016-06-21T06:04:10Z,56600.0,8246.67,-28093.33
2016-06-21T06:04:10Z,56600.0,8246.67,-28093.33
2016-06-21T06:04:10Z,56600.0,8246.67,-28093.33
2016-06-21T06:04:10Z,56600.0,8246.67,-28086.67
2016-06-21T06:04:10Z,56593.33,8246.67,-28086.67
2016-06-21T06:04:11Z,56600.0,8246.67,-28093.33
2016-06-21T06:04:11Z,56600.0,8246.67,-28086.67
2016-06-21T06:04:11Z,56593.33,8246.67,-28086.67
2016-06-21T06:04:11Z,56600.0,8246.67,-28086.67
2016-06-21T06:04:11Z,56600.0,8246.67,-28086.67
2016-06-21T06:04:11Z,56600.0,8246.67,-28093.33
2016-06-21T06:04:11Z,56600.0,8246.67,-28086.67
2016-06-21T06:04:11Z,56600.0,8253.33,-28086.67
2016-06-21T06:04:11Z,56593.33,8253.33,-28093.33
2016-06-21T06:04:11Z,56600.0,8246.67,-28093.33
2016-06-21T06:04:11Z,56600.0,8246.67,-28086.67
2016-06-21T06:04:11Z,56593.33,8246.67,-28086.67
2016-06-21T06:04:11Z,56593.33,8246.67,-28086.67
2016-06-21T06:04:11Z,56593.33,8246.67,-28093.33
2016-06-21T06:04:11Z,56593.33,8246.67,-28093.33
2016-06-21T06:04:11Z,56593.33,8246.67,-28093.33
2016-06-21T06:04:11Z,56593.33,8246.67,-28086.67
2016-06-21T06:04:11Z,56600.0,8253.33,-28086.67
2016-06-21T06:04:11Z,56600.0,8253.33,-28093.33
2016-06-21T06:04:11Z,56593.33,8253.33,-28093.33
2016-06-21T06:04:11Z,56593.33,8253.33,-28093.33
2016-06-21T06:04:11Z,56600.0,8253.33,-28093.33
2016-06-21T06:04:11Z,56600.0,8246.67,-28106.67
2016-06-21T06:04:11Z,56600.0,8246.67,-28106.67
2016-06-21T06:04:11Z,56600.0,8246.67,-28106.67
2016-06-21T06:04:11Z,56600.0,8246.67,-28106.67
2016-06-21T06:04:11Z,56600.0,8253.33,-28106.67
2016-06-21T06:04:11Z,56600.0,8246.67,-28106.67
2016-06-21T06:04:11Z,56600.0,8246.67,-28106.67
2016-06-21T06:04:11Z,56600.0,8253.33,-28106.67
2016-06-21T06:04:11Z,56600.0,8253.33,-28093.33
2016-06-21T06:04:11Z,56600.0,8253.33,-28106.67
2016-06-21T06:04:11Z,56600.0,8253.33,-28106.67
2016-06-21T06:04:11Z,56600.0,8253.33,-28106.67
2016-06-21T06:04:11Z,56600.0,8253.33,-28106.67
2016-06-21T06:04:11Z,56600.0,8253.33,-28106.67
2016-06-21T06:04:11Z,56600.0,8246.67,-28106.67
2016-06-21T06:04:11Z,56600.0,8246.67,-28113.33
2016-06-21T06:04:11Z,56606.67,8253.33,-28113.33
2016-06-21T06:04:11Z,56600.0,8253.33,-28113.33
2016-06-21T06:04:11Z,56600.0,8253.33,-28113.33
2016-06-21T06:04:11Z,56606.67,8253.33,-28106.67
2016-06-21T06:04:11Z,56606.67,8253.33,-28106.67
2016-06-21T06:04:11Z,56600.0,8253.33,-28106.67
2016-06-21T06:04:11Z,56600.0,8253.33,-28113.33
2016-06-21T06:04:11Z,56600.0,8253.33,-28113.33
2016-06-21T06:04:11Z,56606.67,8253.33,-28113.33
2016-06-21T06:04:11Z,56600.0,8253.33,-28113.33
2016-06-21T06:04:11Z,56600.0,8253.33,-28113.33
2016-06-21T06:04:11Z,56606.67,8253.33,-28113.33
2016-06-21T06:04:11Z,56606.67,8253.33,-28113.33
2016-06-21T06:04:11Z,56600.0,8253.33,-28113.33
2016-06-21T06:04:11Z,56606.67,8253.33,-28113.33
2016-06-21T06:04:11Z,56606.67,8246.67,-28106.67
2016-06-21T06:04:11Z,56600.0,8246.67,-28106.67
2016-06-21T06:04:11Z,56600.0,8246.67,-28106.67
2016-06-21T06:04:11Z,56600.0,8246.67,-28106.67
2016-06-21T06:04:11Z,56600.0,8246.67,-28106.67
2016-06-21T06:04:11Z,56600.0,8246.67,-28106.67
2016-06-21T06:04:11Z,56600.0,8246.67,-28106.67
2016-06-21T06:04:11Z,56606.67,8246.67,-28106.67
2016-06-21T06:04:11Z,56600.0,8253.33,-28093.33
2016-06-21T06:04:11Z,56600.0,8246.67,-28093.33
2016-06-21T06:04:11Z,56600.0,8246.67,-28093.33
2016-06-21T06:04:11Z,56600.0,8253.33,-28093.33
2016-06-21T06:04:11Z,56600.0,8253.33,-28093.33
2016-06-21T06:04:11Z,56600.0,8253.33,-28093.33
2016-06-21T06:04:11Z,56600.0,8246.67,-28093.33
2016-06-21T06:04:11Z,56600.0,8246.67,-28093.33
2016-06-21T06:04:11Z,56600.0,8246.67,-28093.33
2016-06-21T06:04:11Z,56600.0,8246.67,-28093.33
2016-06-21T06:04:11Z,56600.0,8246.67,-28093.33
2016-06-21T06:04:11Z,56600.0,8253.33,-28086.67
2016-06-21T06:04:11Z,56593.33,8246.67,-28093.33
2016-06-21T06:04:11Z,56593.33,8246.67,-28093.33
2016-06-21T06:04:11Z,56600.0,8246.67,-28086.67
2016-06-21T06:04:11Z,56600.0,8246.67,-28086.67
2016-06-21T06:04:11Z,56600.0,8246.67,-28086.67
2016-06-21T06:04:11Z,56600.0,8253.33,-28093.33
2016-06-21T06:04:11Z,56600.0,8246.67,-28093.33
2016-06-21T06:04:11Z,56600.0,8246.67,-28086.67
2016-06-21T06:04:11Z,56593.33,8253.33,-28086.67
2016-06-21T06:04:11Z,56593.33,8253.33,-28086.67
2016-06-21T06:04:11Z,56593.33,8246.67,-28086.67
2016-06-21T06:04:11Z,56600.0,8246.67,-28086.67
2016-06-21T06:04:11Z,56600.0,8246.67,-28086.67
2016-06-21T06:04:11Z,56600.0,8246.67,-28086.67
2016-06-21T06:04:11Z,56593.33,8246.67,-28093.33
2016-06-21T06:04:11Z,56593.33,8246.67,-28093.33
2016-06-21T06:04:11Z,56600.0,8246.67,-28086.67
2016-06-21T06:04:11Z,56600.0,8253.33,-28093.33
2016-06-21T06:04:11Z,56600.0,8246.67,-28093.33
2016-06-21T06:04:11Z,56593.33,8246.67,-28093.33
2016-06-21T06:04:11Z,56600.0,8246.67,-28093.33
2016-06-21T06:04:11Z,56600.0,8246.67,-28093.33
2016-06-21T06:04:11Z,56600.0,8253.33,-28093.33
2016-06-21T06:04:11Z,56600.0,8253.33,-28093.33
2016-06-21T06:04:11Z,56600.0,8253.33,-28093.33
2016-06-21T06:04:11Z,56600.0,8246.67,-28106.67
2016-06-21T06:04:11Z,56600.0,8246.67,-28106.67
2016-06-21T06:04:11Z,56600.0,8253.33,-28106.67
2016-06-21T06:04:11Z,56600.0,8253.33,-28106.67
2016-06-21T06:04:11Z,56600.0,8253.33,-28093.33
2016-06-21T06:04:11Z,56600.0,8253.33,-28093.33
2016-06-21T06:04:11Z,56606.67,8253.33,-28106.67
2016-06-21T06:04:11Z,56606.67,8253.33,-28106.67
2016-06-21T06:04:11Z,56600.0,8253.33,-28106.67
2016-06-21T06:04:11Z,56600.0,8253.33,-28106.67
2016-06-21T06:04:11Z,56600.0,8253.33,-28106.67
2016-06-21T06:04:11Z,56606.67,8246.67,-28106.67
2016-06-21T06:04:11Z,56606.67,8246.67,-28113.33
2016-06-21T06:04:11Z,56600.0,8253.33,-28113.33
2016-06-21T06:04:11Z,56606.67,8253.33,-28113.33
2016-06-21T06:04:11Z,56606.67,8253.33,-28113.33
2016-06-21T06:04:11Z,56606.67,8253.33,-28113.33
2016-06-21T06:04:11Z,56606.67,8253.33,-28113.33
2016-06-21T06:04:11Z,56606.67,8253.33,-28113.33
2016-06-21T06:04:11Z,56600.0,8253.33,-28113.33
2016-06-21T06:04:11Z,56606.67,8253.33,-28120.0
2016-06-21T06:04:11Z,56606.67,8253.33,-28113.33
2016-06-21T06:04:11Z,56600.0,8253.33,-28106.67
2016-06-21T06:04:11Z,56600.0,8253.33,-28113.33
2016-06-21T06:04:11Z,56600.0,8253.33,-28113.33
